cell_line	small_molecule	GR50	GRmax	GR_AOC	GEC50	GRinf	h_GR	r2_GR	pval_GR
BT-20	(R)- Roscovitine	5.67770386979994	0.194164347179812	0.175476714154433	14.4255792127996	-0.999998127495255	1.17819067814064	0.972270792075303	0.00076890897213111
BT-20	A443654	0.0530329582553374	-0.49221199010232	1.00123234486375	0.230191089654501	-0.633573955569037	0.557578150871164	0.987433393993794	0.000157919586515232
BT-20	AT-7519	0.204443449356762	-0.40178245123528	0.863507942533165	0.320375288150583	-0.405630706477216	1.32239825608899	0.9993562337122	4.14435033291305e-07
BT-20	AZD 5438	0.245912073867613	-0.354637450788306	0.74809818656456	0.550403400416417	-0.446096930655176	0.791553686941526	0.990914897110834	8.25390945067284e-05
BT-20	AZD-6482	1.28666678228953	-0.0814849659236186	0.426822067993042	3.3958383021435	-0.548249350890182	0.762773799485926	0.998813209162546	1.40847249185949e-06
BT-20	AZD7762	0.653730578538111	-0.407381492782499	0.581795468498879	1.39023555266553	-0.569415143448232	1.00758868924347	0.989506362620652	0.000110116425449225
BT-20	AZD8055	-Inf	-0.223940919515347	0.922118045269816	1.51667790333213	-0.999999978921427	0.169534733492069	0.922331881436068	0.00603233664126102
BT-20	AZD8330	Inf	0.784778167472252	0.249614621518718	0	0.74888269365649	0.01	2.22044604925031e-16	1
BT-20	Afatinib	Inf	0.0544864349985335	0.255410381326683	0	0.68319086132073	0.01	-1.06337161298597e-12	0.129080788403279
BT-20	BEZ235	0.01478667621382	0.0541329583790977	0.893998656685613	0.0129594624704858	0.071138239139629	1.16355657141033	0.94953690485071	0.00254652397201571
BT-20	BI-2536	-Inf	-0.124714031053664	1.15314279610385	0	-0.150767914650685	0.01	-2.22044604925031e-16	1
BT-20	BMS-387032	0.0774487678752748	-0.315905889869557	1.0850914737449	0.0924717324666274	-0.294926006528182	2.61520952982605	0.998232117641384	3.12540803393269e-06
BT-20	BMS345541	5.33124358856175	0.00819548053899677	0.1827966928584	10.2174740596279	-0.999999975489363	1.68883499268523	0.981581571276701	0.000339238516635199
BT-20	BX-912	7.69403193397094	0.352767262949679	0.146228450636287	17.5842626402752	-0.999989258519137	1.32913031477853	0.936525582672641	0.00402900165504672
BT-20	BYL719	1.16829023183647	-0.145389812054718	0.434199174677878	1.97251763595235	-0.360528842969287	1.03659943005969	0.987654151370808	0.000152419978374896
BT-20	Barasertib	0.2466784225917	-0.0132904210922364	0.641463748759162	0.293719966121408	-0.0662580822875359	0.7129652348308	0.991991733519203	6.41323320274001e-05
BT-20	Brivanib	Inf	0.795812765783097	0.0789773124108381	0	0.912596747965314	0.01	-1.1660672427638e-11	0.0577424768426545
BT-20	Buparlisib	0.388649360242947	-0.338557954590807	0.700842620029373	0.557481023072839	-0.349774431356619	1.47016354112588	0.998863912161208	1.29069557741612e-06
BT-20	CGP60474	0.0351554641132893	-0.405047172112455	1.21401395515916	0.0455058004372751	-0.334630797046393	1.98551453424874	0.979849198316763	0.000406054808477108
BT-20	CHIR-99021	Inf	0.876063013310646	0.0327848000681492	0	0.956780397762587	0.01	-9.96114302154183e-12	0.458693689055558
BT-20	CP466722	Inf	0.585693127181829	0.030203783119042	5.09629413499739	0.570822634150912	4.93548824919711	0.960079965110633	0.00159360918556828
BT-20	CP724714	15.0615622174067	0.539800678822399	0.178489072284987	167.712860301245	-0.999992458234572	0.455833320846614	0.954771105387719	0.00204565290784853
BT-20	CYT387	3.15273624686571	0.0808639822023303	0.298194313950664	14.5630349435588	-0.999999970196869	0.717945999715054	0.957298279307282	0.00182343695011811
BT-20	Canertinib	4.22967794884045	-0.129695299715365	0.276326758727937	8.75145915962235	-0.999999817777386	1.51096181792702	0.916022926049679	0.00705214894925599
BT-20	Celastrol	0.853301997832213	-0.390075416989286	0.527306115737098	1.12317226728886	-0.395372657853088	2.12021259989378	0.991799597778083	6.72465966011782e-05
BT-20	Crizotinib	2.35842808570986	-0.0414386228880722	0.343689263585753	9.74414704859903	-0.999999996735905	0.77439513621403	0.946379229446706	0.002875187034729
BT-20	Dasatinib	0.0711867164008236	-0.162811646872453	0.875514926473836	0.0977254297652061	-0.156795151046381	0.860846700706513	0.993086027008393	4.7803022528714e-05
BT-20	Dovitinib	0.266611439975759	0.174775246076403	0.573780116699009	0.172464982738692	0.172893590275336	0.974114827982054	0.992145332652942	6.16957991329548e-05
BT-20	Enzastaurin	Inf	1.14361752094929	-0.0903745995488017	0	0.999999730884807	0.01	-2.49743235618512	0.999992819914433
BT-20	Erlotinib	Inf	0.546772897241449	0.166090849228087	0	0.811860252868974	0.01	-2.25375273998907e-13	0.115362966525712
BT-20	Flavopiridol	0.0276264359374042	-0.3347946071113	1.1891209620537	0.0407915125960965	-0.328694986136726	1.29649190692869	0.99742541445629	6.62849072186056e-06
BT-20	Foretinib	0.240418253833879	-0.113798385747288	0.696729745070658	0.254993241610109	-0.0643058734191066	2.05563516504244	0.994175115412182	3.392928046142e-05
BT-20	GDC-0941	0.325320055034651	-0.050454367485319	0.62483567646575	0.910875529372774	-0.365328304425339	0.532733680478716	0.986606723050344	0.000179379867450202
BT-20	GDC-0980	0.0233254456857448	-0.19201668726682	1.0410341234993	0.0327234379129709	-0.185027894894628	0.93000888906103	0.996008313696886	1.59335595424359e-05
BT-20	GSK 690693	1.89823446160241	0.377434354937197	0.394496362237854	0.532670954253047	0.236160823855039	0.503053689708545	0.991690911446928	6.90409525827551e-05
BT-20	GSK1059615	0.179736053861803	-0.425055514635831	0.893053627486588	0.287269640774636	-0.416108649475066	1.29128962017527	0.997969816803774	4.12164381025093e-06
BT-20	GSK1904529A	Inf	0.960363160568058	0.0734216880450939	0	0.924741717709934	0.01	-3.82591736070026e-10	1
BT-20	GSK2126458	-Inf	-0.341558430796697	1.22306200337967	0.000582223575530209	-0.495711319350478	0.221072204099893	0.995565169789141	1.96677189991945e-05
BT-20	GW843682	0.181120145090118	-0.128890584903938	0.755546630030461	0.210878928904332	-0.099886283420269	1.19726354017786	0.980444246331583	0.000382427501539828
BT-20	Gefitinib	90.9967596940456	0.76042952514926	0.0782298146038251	37.2656279807665	0.217505126337247	0.63953637261594	0.916243112548261	0.00701521619526768
BT-20	Geldanamycin	0.0100839551845988	-0.21568646216804	1.02277915853507	0.0157304876331269	-0.16691112732	0.647802448994083	0.892485989132499	0.0115592625328169
BT-20	HG-5-113-01	1.60567366475009	-0.15017713953659	0.404819973496351	7.05593020178656	-0.999999989113269	0.742142610358562	0.997508943788879	6.20536104700697e-06
BT-20	HG-5-88-01	Inf	0.407253514033154	0.16243863748241	0	0.79474530121699	0.01	-5.10702591327572e-15	0.111096465629484
BT-20	HG-6-64-01	2.01282161102335	-0.168428259850552	0.355020230881207	6.99051980663161	-0.999999903188267	0.882407129269361	0.993679800188911	3.9944925652069e-05
BT-20	Imatinib	Inf	0.979689419810358	-0.00693034323465889	0	0.999977087812883	0.01	-0.0796675469189683	0.589415876096802
BT-20	JNK-9L	0.448202114281103	-0.213043631912293	0.615916968183039	1.19744162749322	-0.488311210882304	0.693386299348057	0.989759119481703	0.000104875633790025
BT-20	JW-7-24-1	3.29768138212434	-0.0110468033270834	0.29932711582102	11.4264885244518	-0.999999995947197	0.884042306800504	0.878539388425409	0.0147526801640728
BT-20	KIN001-043	9.78258244177689	0.478275994899857	0.0870824475773121	13.9427242396696	-0.792482239004438	2.68011913516457	0.96712956395748	0.00108046556562547
BT-20	LDN-193189	1.52327625573248	-0.492993492931719	0.450763601864235	2.55956031665537	-0.660262527883031	1.62204011575134	0.995987620745285	1.60991872836247e-05
BT-20	Lapatinib	Inf	0.749336092173038	0.0663689200713869	0	0.912387183738822	0.01	-4.64606131345136e-12	0.262997380441261
BT-20	Linifanib	10.2262466028884	0.539840610121863	-0.0159163591135758	12.590589067917	-0.914552092772626	4.99999999999998	0.883568467529589	0.0135563017529584
BT-20	Linsitinib	Inf	0.789459825369335	0.109207664297916	0	0.87806014966266	0.01	-4.44089209850063e-16	0.793429383216597
BT-20	MK2206	2.00969639807951	0.0984951897476862	0.367453851005974	15.5946800407429	-0.999980924402993	0.536177859920648	0.967726899220976	0.00104155303389308
BT-20	Mitoxantrone	0.0057562450416201	-0.415673132638737	1.09979980275163	0.0519889317520589	-0.587742408540836	0.353176480093865	0.971089394790555	0.000835823093576327
BT-20	NU7441	7.46964893252785	0.269083791599399	0.0953050590203791	13.3607831674197	-0.988020609011754	1.87556213677561	0.991442648101642	7.32282715123489e-05
BT-20	NVP-AEW541	15.4439865946601	0.872729129504206	-0.00908324407792578	13.9660941585753	0.197621948930268	4.99994252847844	0.820262916891956	0.0323050808897731
BT-20	NVP-AUY922	-Inf	-0.0294692422119651	1.0260619720517	0	-0.0241062892633022	0.01	-8.84892159547235e-12	1
BT-20	NVP-TAE684	3.16566797818988	0.132196912663467	0.285135390570554	5.97079368170197	-0.414218513153862	0.951058331722822	0.910384234843465	0.00803098536455427
BT-20	Neratinib	1.52143247437591	0.314270598838326	0.440095461330003	179.53038488393	-0.999995723718574	0.230283028309846	0.992740810875727	5.26958267419442e-05
BT-20	Nilotinib	8.13062949781338	0.0344195651975108	0.0948019737732726	10.1048422189906	-0.982507268149928	4.99999999999778	0.999466767764514	2.84336616918068e-07
BT-20	Nintedanib	10.8817561691261	0.510048174780857	0.156212989802747	5.87748722477937	0.20286796946297	0.844913527461799	0.964154426580189	0.00128490513378854
BT-20	OSI-027	0.84268420900912	0.153007837403526	0.443452858118912	0.633284008025592	0.107454912343687	0.846969951393918	0.969897758237917	0.000906144959102906
BT-20	PD0325901	6.56935005587996	0.444757797507757	0.260514651729193	20.2766650440876	-0.339021987406444	0.45927522495146	0.988607554603339	0.000129787812115922
BT-20	PD173074	Inf	0.880303912903464	-0.100208468973446	0	0.999998863753069	0.01	-0.757359077281208	0.721917903390596
BT-20	PD184352	8.22321044391645	0.307130530296871	0.0704884357567671	9.72447377037273	-0.329200685022038	3.01669123164408	0.991889080433099	6.57870162207308e-05
BT-20	PF431396	0.316608810942324	-0.155465727634763	0.647853290932448	0.415255034984874	-0.155523042572326	0.998523224228129	0.989343806341123	0.000113554463295529
BT-20	PF477736	6.09602161842956	0.133209416497837	0.16895809676282	11.8038623798354	-0.999999117374691	1.66257204176074	0.967618348771123	0.00104857133630865
BT-20	PF562271	1.39984208997195	-0.200881926610468	0.433844495504345	5.82856612915386	-0.99997666653392	0.77018214368972	0.99670523711414	1.08554624740353e-05
BT-20	PHA-665752	8.48198843154757	0.314971391980478	0.069464004381896	9.03620813338046	-0.142659434551175	3.96568331489787	0.997640151909514	5.56888301017633e-06
BT-20	PHA-793887	0.0563477281031258	-0.203440972945695	0.803232543777456	2.7030805444543	-0.999999958213761	0.283834734118236	0.994608755571934	2.90655164831843e-05
BT-20	PI103	0.26500336346127	-0.110834156364104	0.684641977765223	0.309648574892471	-0.108991655894847	1.26655207892067	0.997502949603307	6.23526068366242e-06
BT-20	PIK-93	4.92217770500485	0.0975809984772888	0.130555195608102	5.15943961308237	-0.0647807670802854	2.58788266255201	0.994894950691813	2.60615284389809e-05
BT-20	PLX-4720	6.83530252037015	0.407911566696618	0.151537690625297	5.15270369166549	0.1486095465926	1.24818151929334	0.998089421271379	3.65031107829594e-06
BT-20	Palbociclib	0.15896077621731	0.199494953339991	0.610459344963536	0.0817270345625438	0.156002603781572	0.562136470386818	0.993828138144152	3.80918787676876e-05
BT-20	Pelitinib	2.8592804417176	-0.231345056717273	0.330966469318482	7.72794181777763	-0.999999999999977	1.10494076090632	0.910554053407903	0.0080005773617563
BT-20	QL-X-138	0.859753666372769	-0.213043631912293	0.49595287435987	8.06126304308961	-0.999999948861065	0.490850800101726	0.8680280550479	0.0174165942544193
BT-20	QL-XII-47	0.193100278395208	-0.267331507980302	0.761711584548057	0.581037043871588	-0.496080216319416	0.625650544356133	0.990414011055269	9.18911840485093e-05
BT-20	R406	9.1724372359222	0.427256460106189	0.0829567501205381	15.2877764667112	-0.992473945926439	2.1407088402025	0.996356612459681	1.32742727689816e-05
BT-20	Radicicol	0.106605755738214	-0.144247405553676	0.83095627622331	0.119219423350858	-0.0832735760451247	1.37754389647144	0.985617460568411	0.000206857440501196
BT-20	Rapamycin	Inf	0.544128051893752	0.460210076142326	0	0.544437724037041	0.01	0	1
BT-20	Ruxolitinib	19.3529566154753	0.700683003338226	0.0800683728080376	57.1961265219761	-0.999998389471651	1.01381476141253	0.859168802173331	0.0198334262812762
BT-20	SB590885	14.9927494749069	0.870374248545548	0.0117760681704447	14.5223354419043	0.0720385009709914	4.88018651596433	0.907291453846528	0.00859487452967134
BT-20	SU11274	6.03557421940976	0.0754751200884896	0.13011889318933	10.8735186680367	-0.999996972235122	1.86629204268453	0.989278597663802	0.000114948468054599
BT-20	Saracatinib	4.69758436274263	0.252529424199073	0.228245076843197	20.8860235633783	-0.999980265873273	0.736310805276677	0.99412344533458	3.45338947356222e-05
BT-20	Selumetinib	Inf	0.978200097271407	-0.0177868245502645	0	0.999999929880987	0.01	-0.257251078580411	0.931222702054943
BT-20	Sigma A6730	Inf	0.297370006408579	0.185640658530735	0	0.772785428024741	0.01	0	0.0620072345064976
BT-20	Sorafenib	9.49595574078703	0.439721391311013	0.167933460228961	45.4991731140511	-0.99999999584044	0.701169609241939	0.859823666200292	0.0196494045575247
BT-20	TG 101348	3.89491400828625	-0.117060809495279	0.236434157368408	8.66106806438628	-0.999999986757175	1.37469770503737	0.987905844786858	0.00014626859031952
BT-20	TGX221	Inf	1.04836520013048	-0.000394367836175312	0	0.997930232040327	0.01	-1.54560304999052e-07	1
BT-20	TWS119	4.95292075381447	0.0260672723968927	0.183065581952612	10.4360779653098	-0.999999881935539	1.47407072353156	0.997242865965709	7.60178808301148e-06
BT-20	Torin1	0.00404310136266665	-0.246225239255032	1.01307400380501	0.0367469883021545	-0.466329139815373	0.298542457493605	0.994257849094651	3.29722970198176e-05
BT-20	Torin2	-Inf	-0.279715913794529	1.15794857172857	0.000959990414290859	-0.381116575271773	0.261773004274492	0.924216925071272	0.00574307444565325
BT-20	Tozasertib	0.0323400399124747	-0.0317963596679315	0.961641430267762	0.03324112068275	-0.0252426233592573	1.79218838463531	0.998891885910086	1.22791683632162e-06
BT-20	Trametinib	Inf	0.683053735870268	0.269828334987566	0	0.730305194269682	0.01	0	1
BT-20	Vemurafenib	12.468150116144	0.586611401304172	0.0878177557753098	32.243604500471	-0.999980612083604	1.15624717469564	0.988608663526534	0.000129762546651757
BT-20	WH-4-025	0.525209859513135	-0.239281317807486	0.588138451060201	1.28275964225431	-0.46438561279197	0.735615223947336	0.973411096082545	0.000706969811531621
BT-20	WYE-125132	0.0295986715058679	0.0561852723276222	0.792475442662536	0.0237612778342694	0.0650709259806501	0.634696269278901	0.969144580464595	0.000952056914705457
BT-20	WZ-4-145	4.90440644032127	0.265617532021817	0.264845505265854	45.080048992556	-0.999999993892271	0.49524837081539	0.791845120404594	0.0433284538993781
BT-20	WZ3105	0.0054407850847492	-0.30766615305152	1.08057472267543	0.0277359538338347	-0.437759185638063	0.386101854848658	0.995916725153547	1.66731334716452e-05
BT-20	Withaferin A	0.5069458991206	-0.338350596845006	0.665361860495241	0.604614296684734	-0.313394020485639	2.76188989237985	0.997937520491212	4.2538217241983e-06
BT-20	XL147	6.68108099166155	0.152201747032998	0.106074474950749	11.693049509574	-0.998229313831852	1.96069698490835	0.9868328300078	0.000173374365600276
BT-20	XMD11-50	3.54302116153995	0.242907077352091	0.299932287465217	30.525101208375	-0.999997719892528	0.510134801663204	0.975706721292693	0.000590163390349785
BT-20	XMD11-85h	Inf	0.738094044941533	0.103968197066591	0	0.873766520319111	0.01	0	0.812958132404351
BT-20	XMD16-144	0.104646694408563	-0.0591514626916722	0.790107708088742	0.103175583811632	0.0127201834444412	1.82018978196017	0.986388898840853	0.000185262074764214
BT-20	Y39983	6.80825830262694	0.28892684359407	0.141454569338438	16.2403442128932	-0.999999907192678	1.26369909913142	0.988062448803478	0.000142505128569503
BT-20	YM 201636	3.76237709824951	0.0646386217353547	0.232659226759839	11.7349227291469	-0.999999693404364	0.965797300649207	0.983961882287106	0.000257221219772674
BT-20	ZSTK474	0.496810750840809	-0.061586859180366	0.554671029012367	0.542326254428383	-0.0598461407440473	1.28970694320118	0.996111523202203	1.51202518070548e-05
Hs 578T	(R)- Roscovitine	14.9597416449299	0.676425531620925	0.058021450241812	33.0604762005313	-0.99728010655561	1.38314106063817	0.972713513174889	0.000744552363108664
Hs 578T	A443654	0.0554277488959765	-0.271099161888397	1.02384144129439	0.085454527805475	-0.287143963159444	1.04827632135058	0.99921410805172	6.17626154331141e-07
Hs 578T	AT-7519	0.12665570074133	-0.278306354583293	0.916835423758778	0.152732110598594	-0.228955431041944	2.01377210199882	0.989539848573556	0.00010941476786408
Hs 578T	AZD 5438	0.198870234782349	-0.175139043099591	0.759594973072396	0.248437906929779	-0.162846292086081	1.26689358872671	0.998647173981919	1.83013823518152e-06
Hs 578T	AZD-6482	6.21869851613189	0.355470809242009	0.227908810472467	43.9320976935691	-0.99999996212726	0.561925700461628	0.959807398919885	0.00161544518158518
Hs 578T	AZD7762	0.0252662362396113	-0.264821017991177	1.0164464822964	0.0442805769246626	-0.246121091159535	0.713413112866351	0.967885266997471	0.00103135607582372
Hs 578T	AZD8055	-Inf	-0.161497987251029	0.86485906595305	0	0.12010604018716	0.01	-2.22044604925031e-16	0.0758344102527864
Hs 578T	AZD8330	-Inf	0.197380321763543	0.78584734726781	0	0.214873306667299	0.01	-1.92008631216822e-11	1
Hs 578T	Afatinib	5.76803726515787	-0.147131001064697	0.188093704368636	8.90824813265515	-0.999998825028062	2.52760212659147	0.982950939103857	0.000290670477440358
Hs 578T	BEZ235	-Inf	0.116448484866894	0.850236197579967	0	0.157036934970474	0.01	0	0.142663013967313
Hs 578T	BI-2536	-Inf	-0.108756835690432	1.08464652277085	0	-0.0893179191587617	0.01	0	1
Hs 578T	BMS-387032	0.0516232528792141	-0.138971254751024	1.04047292750267	0.0543043305376606	-0.137594389117708	4.80121947640274	0.999841278965156	2.51923668592724e-08
Hs 578T	BMS345541	4.57324357873975	-0.200597957425351	0.196434448527459	8.12108446397956	-0.999999999422252	1.9131554579482	0.997718482082378	5.2053240083838e-06
Hs 578T	BX-912	0.817798385329857	-0.0905272323388245	0.483553420468777	1.10312637155057	-0.182213163775841	1.03824519216998	0.995819980718946	1.74725611900017e-05
Hs 578T	BYL719	16.1231764635431	0.56143062648761	0.170410312460207	165.828581292291	-0.999996826153334	0.471365538574394	0.973718682653705	0.000690707641455846
Hs 578T	Barasertib	-Inf	0.16251649355999	0.717789540170212	0	0.275666992519821	0.01	0	0.0504383357473492
Hs 578T	Brivanib	74.0117595445174	0.784762486176068	0.0700158404364952	534.276354878482	-0.999896784706331	0.55574920897698	0.845921555598637	0.0237401670248742
Hs 578T	Buparlisib	0.513377999253832	-0.220362770923539	0.622999274963802	0.699566930795148	-0.269534182632463	1.39337077774971	0.994808383597236	2.69528808733988e-05
Hs 578T	CGP60474	0.0361684006886358	-0.211093294410063	1.07711093467126	0.0421038581951746	-0.172908619173516	1.95455412223632	0.991983887008385	6.42580674943272e-05
Hs 578T	CHIR-99021	10.9842829845689	0.540221784773835	0.0978655608041549	24.7707822346215	-0.99999944905633	1.35097484445969	0.952161532206899	0.00228851900079163
Hs 578T	CP466722	Inf	0.667743367523924	0.0186120229049014	5.18033266767657	0.653695717735046	4.80281129241659	0.956822628866682	0.0018642853779629
Hs 578T	CP724714	Inf	0.856821412812376	0.0578153851843639	999.998775077929	0.0617174265587715	0.39235648450132	0.903847138542482	0.00924537276646853
Hs 578T	CYT387	2.02997580447759	0.0513215735983752	0.366486203494109	13.3482831097267	-0.999999404737946	0.583324281534343	0.990491537202551	9.04108647704627e-05
Hs 578T	Canertinib	5.47946247168047	-0.274260633992781	0.172665587740022	8.15982038062129	-0.999999999495857	2.75884101764748	0.997594521807718	5.78632533354551e-06
Hs 578T	Celastrol	0.733809595597239	-0.257195662253225	0.510640281999638	0.855932041582762	-0.200158782482094	2.18718977718823	0.989735840079562	0.000105352978872264
Hs 578T	Crizotinib	2.33859108460835	0.0500023862105836	0.302050751592982	2.91109342924864	-0.15785309419951	1.25296103062662	0.996554162546499	1.18737957559567e-05
Hs 578T	Dasatinib	0.0279163987139201	-0.0908799531484803	0.93089858015961	0.0330206097572315	-0.0765597165186743	0.84845664035122	0.993088139372666	4.77738173316755e-05
Hs 578T	Dovitinib	0.137978594979405	0.249555171002762	0.614933718078078	0.0857709112326338	0.250965564528551	1.46611186477287	0.98745995212775	0.000157252800638275
Hs 578T	Enzastaurin	19.1542680581828	0.928401341494387	-0.00247934988970595	15.2398462068094	0.34055430412403	4.9993183360904	0.816807318848623	0.0335595190593284
Hs 578T	Erlotinib	12.1021517059912	0.591417158922286	0.0855089030196145	26.173300346858	-0.999999961548714	1.42425996576681	0.9565785008393	0.00188542658936264
Hs 578T	Flavopiridol	0.0386785485536467	-0.18293807715504	1.11221675012078	0.0425841112943908	-0.184217493671633	3.26071284925712	0.999296642293333	4.94712063536795e-07
Hs 578T	Foretinib	0.422208804454421	-0.208052568968853	0.594002354479877	0.734759451618027	-0.268009485164598	0.774658006140398	0.926964499422804	0.00533418434456168
Hs 578T	GDC-0941	0.977148331052228	0.265848664214897	0.465317416300407	1.62396120144579	-0.0976870077651126	0.351307738877732	0.98765368639758	0.000152431459569335
Hs 578T	GDC-0980	0.0857564383577173	0.11680026549589	0.712196598787055	0.0623970467045134	0.128788621845659	0.936612564664545	0.995944385959654	1.64480052442517e-05
Hs 578T	GSK 690693	Inf	0.740408689731687	0.235526278213482	0.0359453707389906	0.73537217884417	1.06767600080951	0.92719688026298	0.0053002942434428
Hs 578T	GSK1059615	0.695327678791887	-0.103944545779546	0.524053992061214	1.10002832782167	-0.256263239778496	0.902058436435448	0.99969797830952	9.12171015388097e-08
Hs 578T	GSK1904529A	Inf	0.954528184831363	0.0468411978796136	0	0.953729705694497	0.01	-4.89079887699972e-11	1
Hs 578T	GSK2126458	-Inf	-0.174388594078907	1.01223269340454	0.0112373727429946	-0.272128820287591	0.363631582714244	0.999288263981471	5.06568160085763e-07
Hs 578T	GW843682	0.138270028866751	-0.133262235040236	0.829411241125662	0.147233694356255	-0.0798383027170384	2.35846359128932	0.981965965636751	0.000325226395414768
Hs 578T	Gefitinib	24.3134129865169	0.849018733616823	0.0259062170131884	18.7878263991014	0.221028277381854	2.26320625411802	0.967001631458188	0.00108889232421883
Hs 578T	Geldanamycin	0.0679918749655605	-0.0874238772237476	0.82790675216818	0.0652600430582658	0.0393554314372779	1.99914239710432	0.9326389610768	0.0045375095648128
Hs 578T	HG-5-113-01	0.885831248403615	-0.0293887694999496	0.467751310748797	1.06974234556199	-0.119345134532545	1.13468544071989	0.997728287904434	5.16067584510616e-06
Hs 578T	HG-5-88-01	45.7646192282767	0.657849551601973	0.138130885726162	768.140608529065	-0.999997094087724	0.389514391893381	0.90320558804264	0.00936915818617123
Hs 578T	HG-6-64-01	0.81189012999798	-0.322084040769397	0.522718208581075	1.65040667075697	-0.513877484200497	0.996500303873543	0.991132850667959	7.86263372767326e-05
Hs 578T	Imatinib	Inf	1.0356679280674	-0.0157633277696765	0	0.999998158934873	0.01	-0.771437625821311	0.999800888923723
Hs 578T	JNK-9L	1.12808824421132	-0.0914717698449649	0.418305678889543	1.28665256958577	-0.125501154587446	1.70275114322379	0.999261395608464	5.45536447238426e-07
Hs 578T	JW-7-24-1	1.60547881728065	-0.178148373801539	0.405609744090436	7.27154640877495	-0.999999999614969	0.727294372548285	0.979524889116134	0.000419230165706552
Hs 578T	KIN001-043	6.16952315331227	0.399234976002817	0.0667115257075284	4.56662353592525	0.38672902870426	4.9354753391934	0.993878363610099	3.74744320901232e-05
Hs 578T	LDN-193189	2.43587707674987	-0.343960366946187	0.346267001888259	5.04824847997699	-0.870133330765159	1.38329568959915	0.988616079006251	0.000129593657191895
Hs 578T	Lapatinib	10.9294702548368	0.62019958098142	0.0496353145448285	11.5577947007	-0.16122508508987	4.99999998511524	0.982644315304615	0.000301219791207452
Hs 578T	Linifanib	14.455180824117	0.687419979327562	0.0568535570697722	28.5735212820885	-0.994833084024844	1.60715793155434	0.979793430404093	0.000408305454717484
Hs 578T	Linsitinib	Inf	0.843422433931358	0.0528865961558497	0	0.9403053650449	0.01	-8.88178419700125e-16	0.134199639784588
Hs 578T	MK2206	9.87243201454487	0.45458985208589	0.318699853729832	0.870448493918297	0.318439589147096	0.417139226777282	0.812546851236092	0.0351386829812816
Hs 578T	Mitoxantrone	-Inf	-0.445976127846109	1.16231479849229	0.119693724776699	-0.999999995801428	0.207197678472017	0.966379384346041	0.00113034579695126
Hs 578T	NU7441	4.14740896918369	0.140948521506799	0.238060635411607	14.3665107037634	-0.999999995886437	0.884254738048733	0.991363593536847	7.45875165968357e-05
Hs 578T	NVP-AEW541	8.55247660904294	0.169550172119503	0.0744934925718209	10.4698138022107	-0.874691729122227	4.99999999997451	0.997808508098121	4.80263675595172e-06
Hs 578T	NVP-AUY922	-Inf	0.0670078684742652	0.921856310703028	0	0.0778460997447627	0.01	0	1
Hs 578T	NVP-TAE684	0.512403041450471	-0.178651107457017	0.594067486941191	4.97807320434639	-0.999999973574426	0.483185427180342	0.980960085229111	0.000362518354482755
Hs 578T	Neratinib	0.970176540743167	0.029406007799075	0.470577685956173	3.67848898495261	-0.526580936559381	0.539760024676022	0.998078446825522	3.69236660235917e-06
Hs 578T	Nilotinib	8.1362653946442	0.0326789194205566	0.0332085968256787	10.1355867128243	-0.999991991949206	4.99999999999998	0.970018943014238	0.000898863777983538
Hs 578T	Nintedanib	1.89051114936308	0.0959851151382323	0.377505686754657	14.5438218096297	-0.997922297820018	0.537771873038573	0.997414271033199	6.6859942897679e-06
Hs 578T	OSI-027	1.04410722483595	0.194395716851403	0.395212973083671	0.717538679581427	0.170480971924485	1.11166204195	0.995125998409318	2.37558915059388e-05
Hs 578T	PD0325901	0.0483957315352175	0.0613768159954655	0.722392585986107	0.226318264677467	-0.269910448700694	0.279842810121667	0.993921972409901	3.69424193860102e-05
Hs 578T	PD173074	5.67912472818635	0.167403564866268	0.232675621440356	13.9258143260106	-0.999999999999978	1.2248350431076	0.783213480062747	0.0469963952265052
Hs 578T	PD184352	1.70862321254108	0.263403881678136	0.422655886119972	96.447010999728	-0.999999466670261	0.272384980540559	0.968334676702323	0.00100269269954645
Hs 578T	PF431396	0.402734304673058	-0.0880896255824142	0.598053581131634	2.95581242323625	-0.699979567256978	0.439207791929529	0.984225349070177	0.000248839611957763
Hs 578T	PF477736	0.148543965650809	-0.088310921034326	0.77797322156009	0.155727371427613	-0.0495349147226023	2.00026368273053	0.997050551005719	8.699249369859e-06
Hs 578T	PF562271	1.71348468801455	-0.086087908586838	0.396204027616094	9.7263421149249	-0.999999999979003	0.63272864462619	0.960392674605914	0.00156874022487297
Hs 578T	PHA-665752	7.21920602916242	0.0138430975097434	0.115749191788863	9.95880071832485	-0.958558903808218	3.32781231362461	0.997450494995269	6.49997576918082e-06
Hs 578T	PHA-793887	0.0471268259166618	-0.14568481934818	0.830986584905026	0.222708148918093	-0.410710397406963	0.386097371806965	0.988597751656936	0.000130011267276853
Hs 578T	PI103	0.083372301990087	0.102373954262728	0.719685760175383	0.0622078189461066	0.127986121780486	1.00970337590084	0.98998212259076	0.000100357867786616
Hs 578T	PIK-93	4.20320288186861	0.18116762031231	0.179959267344582	4.19576292963346	0.00154511791551549	1.74698462354424	0.999406024749883	3.52806597714306e-07
Hs 578T	PLX-4720	Inf	0.775638580590672	-0.0434902659516051	0	0.999999699333389	0.01	-0.030022017452799	0.137806262906388
Hs 578T	Palbociclib	0.295795047022197	0.323336226756799	0.529320279956533	0.0519811237668041	0.292778716421516	0.506572282906377	0.988066575428018	0.000142406622015145
Hs 578T	Pelitinib	3.17851101036757	-0.119225632576263	0.287282962866717	8.60657318260953	-0.999999999873671	1.10289883342059	0.976397502064079	0.000557077908815096
Hs 578T	QL-X-138	1.06406487512836	-0.0471977177139853	0.464292336364001	10.9261550395776	-0.999999994186441	0.471697089604984	0.969875334435876	0.000907495475350295
Hs 578T	QL-XII-47	0.867894610240081	-0.116842274317044	0.49943884021932	2.79108743477044	-0.594971758259664	0.671059698534236	0.997769782517239	4.97387002040828e-06
Hs 578T	R406	3.48376650450646	0.114312028834642	0.274350494306284	14.5493528027841	-0.999999981587281	0.768565354508336	0.984177799296782	0.000250342035091111
Hs 578T	Radicicol	0.635588977688017	0.05430141668666	0.484606321192227	0.601783237247104	0.0411046191967733	1.56959441456945	0.997645714036349	5.54266239860546e-06
Hs 578T	Rapamycin	Inf	0.624720727073545	0.372432747718692	0	0.62826681107181	0.01	-5.37236921616113e-12	1
Hs 578T	Ruxolitinib	18.7179401284598	0.693199841735031	0.0709650212220908	55.9886606685624	-0.993301109384034	0.998603230867947	0.98289507637941	0.000292578412063316
Hs 578T	SB590885	9.13626423805574	0.311453827266093	-0.0425270114726445	11.3810697112042	-0.999830438703424	4.99999999999998	0.85232352900876	0.0218083400844098
Hs 578T	SU11274	6.25147194035506	0.159150114886983	0.152189448169516	12.2963817527069	-0.999998802388894	1.6239923218531	0.98250550446225	0.000306057374120372
Hs 578T	Saracatinib	5.1082281614148	0.343412522340227	0.251071221930298	39.9959026593536	-0.999017825333204	0.533526540322537	0.984396334540999	0.000243474375756447
Hs 578T	Selumetinib	0.329172693316678	0.259736795928647	0.545728825569788	2.6361953896151	-0.275169542933757	0.210753025715455	0.979442344038059	0.000422617218647781
Hs 578T	Sigma A6730	8.28352689053555	0.394511068522958	0.141142386427195	21.0466722800059	-0.999999995803082	1.17816981621014	0.925244588262924	0.00558837158396264
Hs 578T	Sorafenib	Inf	0.85867804192592	-0.112397157190197	0	0.999999619301135	0.01	-0.759509778643415	0.688474503413042
Hs 578T	TG 101348	1.78349387423611	-0.161573556250675	0.360962324727068	3.35660090949717	-0.505611945598877	1.10498683456508	0.999009498709519	9.81092806440209e-07
Hs 578T	TGX221	Inf	0.6565368936611	0.162238015504301	0	0.834120014520038	0.01	-1.11062270491402e-11	0.0597514576627116
Hs 578T	TWS119	4.6245194555517	-0.0666904721422226	0.196254545390174	9.27544031178115	-0.999998737046653	1.57847012836743	0.99528516142015	2.22297028340535e-05
Hs 578T	Torin1	-Inf	-0.0805165458592465	0.87451720382917	4.65861148214664	-0.99999985478702	0.122906697231568	0.969235456024578	0.000946457166015602
Hs 578T	Torin2	-Inf	-0.119455816122757	0.998611469181202	0.00599910002404196	-0.140957959117676	0.467095283728249	0.973941700154321	0.000679034990847316
Hs 578T	Tozasertib	-Inf	0.0526388878534496	0.906967747688238	0	0.0922489254157931	0.01	-1.22124532708767e-14	1
Hs 578T	Trametinib	-Inf	0.176204635183117	0.804910872900389	0	0.200173696933795	0.01	-5.29354338141275e-13	1
Hs 578T	Vemurafenib	Inf	0.540216654828458	0.0546072089132331	4.09590307282047	0.534771175650579	4.96867184590973	0.984957543349933	0.00022627550206622
Hs 578T	WH-4-025	0.238700669659183	-0.321268175922418	0.75396535976413	0.382251813121415	-0.309312130320234	1.02273947032845	0.982091642723603	0.000320709260339114
Hs 578T	WYE-125132	-Inf	0.11161120301921	0.806335859364374	0.00060817776149188	-0.209744587047376	0.100109224303941	0.875318439771691	0.0155454914609638
Hs 578T	WZ-4-145	0.748148756344784	0.0296925663813123	0.491274763880339	25.8025919252422	-0.999999999664051	0.310287374167441	0.867875487041881	0.0174568869244202
Hs 578T	WZ3105	-Inf	-0.136447320377492	1.12596051234097	0	-0.125042649403036	0.01	0	1
Hs 578T	Withaferin A	0.626680227765553	-0.279293846756642	0.56741133330696	0.66973419754775	-0.181801987784609	4.6675217042075	0.989964403177437	0.000100713203585068
Hs 578T	XL147	40.1169396709616	0.832623254956061	0.0325008269065461	44.7097625885161	-0.0648576481392815	1.12521497154593	0.997543038199608	6.03666128828895e-06
Hs 578T	XMD11-50	2.13193281157269	-0.0469841545640446	0.352037390650144	9.45906600601921	-0.999999712863367	0.737350943187569	0.994915148389839	2.5855715897305e-05
Hs 578T	XMD11-85h	7.09810003075278	0.270839408351839	0.147512873587493	14.444772511441	-0.999999987599449	1.54624049478561	0.971389242622185	0.000818575437732116
Hs 578T	XMD16-144	-Inf	-0.146635768119476	0.922277565777465	2.02137128260829	-0.99999999987912	0.133289042540811	0.898097041982054	0.0103842128528073
Hs 578T	Y39983	3.22471081477357	0.0330207543472334	0.303087659768091	13.481742063973	-0.999999998794028	0.767995541683806	0.88911347423198	0.0122958215969003
Hs 578T	YM 201636	4.88897402367213	0.129208102776289	0.188613688240413	12.6345085369133	-0.999999998826918	1.15710465392361	0.997485831873919	6.32104136621958e-06
Hs 578T	ZSTK474	0.526969133490735	0.154684792802491	0.523518235946036	0.630512851338521	-0.046090266556914	0.491529179794581	0.994784540893227	2.72010136944667e-05
MCF 10A	(R)- Roscovitine	9.43812555568465	0.456780804044147	0.0913021394055083	16.8906174367647	-0.995847154196571	1.88288352117698	0.985459075823961	0.000211438475893333
MCF 10A	A443654	0.192721948212689	-0.265521161130244	0.793753753007196	0.297429881158749	-0.285687724475579	1.04153038535242	0.993016686058841	4.87666736007641e-05
MCF 10A	AT-7519	0.280156918793443	-0.306239635066052	0.776856568769091	0.353381456040804	-0.289047019153543	1.964777437645	0.999339758572457	4.35918742658359e-07
MCF 10A	AZD 5438	0.301632680063362	-0.203614044885556	0.723761710128503	0.396216163719311	-0.238442468927186	1.42964318025463	0.998333982095651	2.77561565764639e-06
MCF 10A	AZD-6482	8.2232424017071	0.398831400828544	0.1403686961301	21.8135749814365	-0.999997741326504	1.1261243688812	0.958534480013743	0.00171938934772287
MCF 10A	AZD7762	0.775915908459204	-0.183627916851847	0.527998695908353	5.78310432319213	-0.999999859996893	0.546940103500562	0.994071508568015	3.51470106590979e-05
MCF 10A	AZD8055	0.0313871557957831	0.00949266776628477	0.785673133499557	0.0300264726787345	0.0113272914126224	0.517046036688896	0.940416220606256	0.00355022676684036
MCF 10A	AZD8330	-Inf	0.151388781681159	0.865366211191228	0	0.135390942089058	0.01	0	1
MCF 10A	Afatinib	-Inf	0.0346122523787269	0.952784519395542	0	0.0468341255992766	0.01	0	1
MCF 10A	BEZ235	0.0285928151044404	0.169175946945953	0.781909977078691	0.020163853608399	0.17063403755328	1.19519546667769	0.964632409446553	0.00125086646154704
MCF 10A	BI-2536	-Inf	-0.0277134954192402	1.02481793597307	0	-0.0267027429179918	0.01	-2.45159448297727e-12	1
MCF 10A	BMS-387032	0.0759662992208422	-0.276812408152532	1.07607401138456	0.0862821964458818	-0.25998117720038	3.28810308182088	0.997673692291327	5.41170755541387e-06
MCF 10A	BMS345541	52.3589198423957	0.845496002905903	0.0396675962289498	182.287024447827	-0.958617103757039	0.858252620854183	0.940403085817	0.00355179218012414
MCF 10A	BX-912	0.51800244177081	0.0783155733744931	0.50561371248957	0.465758577891166	0.101201162292569	2.12722786368295	0.991070372072161	7.97382549296843e-05
MCF 10A	BYL719	8.89966725530126	0.446116235041675	0.167422047377045	42.3891623696529	-0.999998270789533	0.703841394004833	0.96873409926589	0.000977556548715008
MCF 10A	Barasertib	-Inf	0.134065695284872	0.864600613934481	0	0.139214339232094	0.01	2.22044604925031e-16	1
MCF 10A	Brivanib	6.51302221423071	0.311932904352255	0.159158656544567	18.9537503798668	-0.999999262167268	1.02847183700259	0.997020386287045	8.87809787841753e-06
MCF 10A	Buparlisib	1.12770933550811	-0.195832643710307	0.448239616023969	1.55031036842169	-0.284152971005946	1.41389597103128	0.999728244516029	7.38510430586814e-08
MCF 10A	CGP60474	0.037621957380285	-0.249710781798752	1.17067736976465	0.0422458121507671	-0.245329769201395	3.44399330966443	0.999774310439748	5.09357775957398e-08
MCF 10A	CHIR-99021	Inf	0.795825087831508	0.0527814503762891	5.80860674637534	0.684314864220283	1.08906547526565	0.988917934922403	0.000122812166384101
MCF 10A	CP466722	18.9801240651083	0.738562196273189	0.026891354410089	12.2512307710361	0.319519845576182	2.32769891911164	0.988524063648844	0.000131697115135054
MCF 10A	CP724714	Inf	0.935774181519863	0.0142125119287282	199.07230373926	-0.0826601824854288	0.93397752886684	0.903726502355765	0.00926858627873062
MCF 10A	CYT387	4.3138875321394	0.179706455963578	0.243413213916095	17.2842021397775	-0.999999997636981	0.79153396547194	0.974098025713085	0.000670912271960034
MCF 10A	Canertinib	0.188941270277425	-0.408123251910227	0.735640839379889	2.54030531314306	-0.999999999964452	0.422770292447424	0.93999486379174	0.00360061637136488
MCF 10A	Celastrol	0.922171454851889	-0.246461948493878	0.496034095411079	1.02081275352096	-0.1963485759599	3.25951291708183	0.990166535306153	9.66970278851731e-05
MCF 10A	Crizotinib	6.069314999446	0.0907631426451194	0.16802444677058	11.1209122524257	-0.999998944786847	1.81414301942163	0.980779774785326	0.000369417057302757
MCF 10A	Dasatinib	0.08524423581893	-0.130742417804321	0.802405254049181	0.146003737196453	-0.192614734011714	0.605572773885331	0.993061292413035	4.81456629773946e-05
MCF 10A	Dovitinib	0.638042349413563	0.0296196268784479	0.497815677759568	0.657459512419013	-0.0158294969965382	1.03968359824759	0.994172712539813	3.39572791436815e-05
MCF 10A	Enzastaurin	Inf	0.977173258940938	-0.00295567672494896	0	0.999886640969256	0.01	-0.00883658947441801	0.156504691250821
MCF 10A	Erlotinib	0.302942023530934	0.137999779977475	0.582741134794134	0.264729626235694	0.117038535830974	1.97781610811646	0.994206099898231	3.35692783892672e-05
MCF 10A	Flavopiridol	0.027994400363779	-0.291484130426188	1.2234706136211	0.0344568741444051	-0.29275466940342	2.21905054183182	0.998211827756791	3.1975599713574e-06
MCF 10A	Foretinib	1.01975262114982	-0.0354100168097784	0.40725760027164	1.03716533312937	-0.0158061913195484	1.83819512927228	0.993466236308749	4.26900679730835e-05
MCF 10A	GDC-0941	0.862481537571436	0.106326556087347	0.469919994210378	1.3510695356946	-0.153967692398357	0.598099567886582	0.997215544301126	7.75319353896187e-06
MCF 10A	GDC-0980	0.149670388665146	0.0427689698388372	0.704267732062697	0.136527591320623	0.0530804393299114	1.22109687348239	0.998583628931917	2.0061070025168e-06
MCF 10A	GSK 690693	Inf	0.864226192139651	0.0858942281411554	0.304182894564772	0.867912877175938	1.69337008341234	0.948814588415767	0.00261994635876284
MCF 10A	GSK1059615	0.474211241212473	-0.0949547551621441	0.58501341217022	0.535207033418096	-0.102660086075677	1.54333920777587	0.999220151048666	6.08164386850518e-07
MCF 10A	GSK1904529A	Inf	0.639937121499844	0.332827601366936	0.00772635811389446	0.624311897698178	0.526794134324804	0.916614631468803	0.00695311968486112
MCF 10A	GSK2126458	-Inf	-0.122842719206841	1.01501332648194	0.000400000149462448	-0.506322036543775	0.100000000000022	0.890794140720445	0.0119259197009842
MCF 10A	GW843682	0.300240328571546	-0.118385646793434	0.679879120302896	0.349555583077961	-0.127149477736735	1.48985931624182	0.999982692188975	2.9956037650436e-10
MCF 10A	Gefitinib	0.157028758678226	0.102452515775583	0.681716743716595	0.135176231348612	0.10160094952513	1.51587942319666	0.998650841385034	1.82022896833001e-06
MCF 10A	Geldanamycin	-Inf	-0.17153382410819	1.05554630535463	0.00338636699560937	-0.161197787026175	0.492907882701899	0.908759090207952	0.00832490361965177
MCF 10A	HG-5-113-01	2.09175480383696	-0.0521111496991834	0.348645819261164	6.13554810619898	-0.753193698122503	0.853866533986902	0.997264168681716	7.4847730020533e-06
MCF 10A	HG-5-88-01	7.78617459023597	0.452917872924344	0.26439433306359	154.749491257435	-0.985666007418948	0.364283545641281	0.977576799451903	0.000502799922820207
MCF 10A	HG-6-64-01	4.02104594938272	-0.00444634753738482	0.218432091457014	9.95560556878728	-0.999995638135172	1.21179903117185	0.999642487487909	1.27815196315773e-07
MCF 10A	Imatinib	Inf	1.00046036594066	-0.00404702339478943	0	0.999999191013726	0.01	-0.385602158425227	1
MCF 10A	JNK-9L	0.521313972339307	-0.180306582565497	0.60137700137021	0.595286056354385	-0.151666423006	1.99657535998844	0.993470805682482	4.26303784358817e-05
MCF 10A	JW-7-24-1	6.6242322622087	0.209702573494606	0.149038641143841	13.1509120000324	-0.999997092893623	1.60204116611217	0.982141098838419	0.000318940350699126
MCF 10A	KIN001-043	10.0173480614367	0.498053094897123	0.101300961379285	25.2853986516929	-0.999942254984037	1.1864817619113	0.996395236548139	1.29943195438242e-05
MCF 10A	LDN-193189	4.30366815898067	-0.404677281297188	0.221106567191413	6.91616461154224	-0.999999570158374	2.31582358351785	0.998820475760476	1.39127743159495e-06
MCF 10A	Lapatinib	6.63438837696329	0.31496847415198	0.164659715506685	19.1365178618292	-0.999983637159679	1.03706998775445	0.988821752545003	0.000124953216165125
MCF 10A	Linifanib	16.0542986830559	0.72766670780906	0.0081079473597343	10.4496968140555	0.404885734379139	3.86472965415419	0.945961093090072	0.00292020346001987
MCF 10A	Linsitinib	Inf	0.651727326244312	0.188577531373628	1.359470838281	0.544258080579521	0.529327370062918	0.979251062040204	0.000430518426459248
MCF 10A	MK2206	Inf	0.426695370729242	0.179432334934028	0	0.801675414094081	0.01	-1.57651669496772e-14	0.0728811044728095
MCF 10A	Mitoxantrone	0.00605502429783907	-0.198590179166116	1.04014586205014	0.0114786811680262	-0.200113614771042	0.526317841651607	0.914070512383769	0.00738387684198716
MCF 10A	NU7441	8.79165666558374	0.413179153177662	0.091027028046023	16.9145865169791	-0.999837711422007	1.67871194068458	0.99417682993392	3.39093096184406e-05
MCF 10A	NVP-AEW541	9.80147738812258	0.478301482330564	0.18254070676738	72.1511408967291	-0.999998220755986	0.550342956052596	0.957345128851319	0.00181943803271045
MCF 10A	NVP-AUY922	-Inf	-0.0529697867767854	1.05844010975595	0	-0.0576817809024967	0.01	-7.3873973605032e-10	1
MCF 10A	NVP-TAE684	1.53015719502769	0.135461770155187	0.418866466642897	24.0739218360318	-0.999999974021775	0.398660547053084	0.976330293184691	0.000560255020722655
MCF 10A	Neratinib	0.0341443140041393	0.127818406478867	0.766026747304661	0.0235349780981328	0.115691868323302	0.707222660871903	0.992244885104225	6.01418070467208e-05
MCF 10A	Nilotinib	10.0871434019178	0.507878016019212	0.0600015159605384	10.1364188012776	-0.0089153966750127	3.62680218618004	0.996448456656134	1.26134601233785e-05
MCF 10A	Nintedanib	Inf	0.916657013814269	0.0234098377745734	0	0.978509568632209	0.01	-8.35598257253878e-12	0.0569996852351292
MCF 10A	OSI-027	0.287328478365522	0.141151105740974	0.576848452427747	0.201629135072147	0.13401475315657	0.880910680941989	0.994589335812892	2.92752869456292e-05
MCF 10A	PD0325901	-Inf	0.0682987264323287	0.839650802829834	0.0061229042176632	-0.355230723682461	0.105243921142948	0.965528818107874	0.00118826238104008
MCF 10A	PD173074	12.1763133697648	0.645468877091722	0.0363458250336974	11.2901057483595	0.112346580220721	3.36787846140021	0.994742108804288	2.76454198259168e-05
MCF 10A	PD184352	0.225727561552032	0.172841120731968	0.590246380876522	0.681849922042173	-0.191997140416529	0.293965963981555	0.99562793997375	1.91149088731857e-05
MCF 10A	PF431396	0.124476752507946	-0.167576434248395	0.765607169798501	0.191334796897857	-0.174813360981314	0.697427348564792	0.973129562397986	0.000722020416922264
MCF 10A	PF477736	1.72143229780804	-0.041214865020597	0.376958570028046	4.24499039410026	-0.556610768657536	0.828969387248918	0.999438583170204	3.15188856792048e-07
MCF 10A	PF562271	0.730291691931572	-0.207658259314016	0.542498860994286	2.96090015411417	-0.755304265045596	0.657609771065144	0.999693503381901	9.39401768595971e-08
MCF 10A	PHA-665752	11.855450256209	0.62395063336161	0.0608002092961224	19.7659035104617	-0.999999953226139	2.14920815600547	0.98154613891172	0.000340544989060776
MCF 10A	PHA-793887	0.00435009213495768	-0.202490281899263	0.91668589794407	1.52600031342163	-0.999996600852786	0.187469446322903	0.989459488610118	0.000111102380360051
MCF 10A	PI103	0.312436920156567	0.0813332609525133	0.588045572579645	0.273018247869393	0.0825980115775869	1.33881833356844	0.998918131880239	1.17043862857269e-06
MCF 10A	PIK-93	9.91918708054581	0.497015523620555	0.0969440188748195	9.75841255560171	0.0114174340170946	1.413579032967	0.999897244528406	1.05586869247887e-08
MCF 10A	PLX-4720	16.7388858674544	0.888110678846423	0.0136774500292141	14.7083900116144	0.224669662188	4.61377184602078	0.97424869584675	0.000663129665580131
MCF 10A	Palbociclib	3.03704385371878	0.400097465458257	0.378629208709043	0.954678775909055	0.182653773598339	0.392835462152015	0.984930121763228	0.000227101230071081
MCF 10A	Pelitinib	0.0513678806663334	-0.0114112246934531	0.807391537742279	0.0462507612355905	0.0493529355645674	0.990360362969491	0.949953037955485	0.0025046984098851
MCF 10A	QL-X-138	3.20913718535495	-0.112981395852925	0.274507564451451	8.54703716967448	-0.999999999397896	1.12151064021642	0.990030278427531	9.9395348232445e-05
MCF 10A	QL-XII-47	2.56439761184574	-0.14217069970978	0.319143522990217	8.09351685299182	-0.999999938614865	0.955863787850596	0.985266531959602	0.000217075080497398
MCF 10A	R406	25.1434743545683	0.665981535702666	0.113830808255891	172.766876684025	-0.985121635295056	0.564841268839653	0.997614660278558	5.68984558668717e-06
MCF 10A	Radicicol	0.211000098336422	-0.193866306870455	0.727253677016172	0.311239456278237	-0.205951023206052	0.887404783702693	0.990631090778105	8.77764600081266e-05
MCF 10A	Rapamycin	Inf	0.981941911465678	0.0091568338101629	0	0.988842281432568	0.01	-1.77275971680046e-11	1
MCF 10A	Ruxolitinib	51.6722251076405	0.819890990855643	0.047924268422873	213.035206717244	-0.978697657286549	0.765464574258449	0.942749860333075	0.00327757849188237
MCF 10A	SB590885	13.8443648987119	0.689967745187207	0.0517376201070633	20.2071223626161	-0.557795073811898	1.98154231745635	0.980652803398272	0.000374314016088784
MCF 10A	SU11274	8.91287351874881	0.464942555427468	0.150722056980459	37.844179210756	-0.993461780595699	0.756748764962112	0.998603807280539	1.94935410990915e-06
MCF 10A	Saracatinib	3.50085396760783	0.110610277682707	0.257435841089038	13.300800930954	-0.999979931120219	0.823033151667708	0.995931672878975	1.65512855636596e-05
MCF 10A	Selumetinib	0.0829608942102646	0.179226139331838	0.656789849267254	0.0423321044091091	0.148092452364126	0.522038197127036	0.992225567531932	6.04418002005946e-05
MCF 10A	Sigma A6730	12.5930420972112	0.608061828740292	0.0795688605681595	27.1682919531875	-0.999976867461712	1.42877895425624	0.938189437278	0.00382054566401002
MCF 10A	Sorafenib	12.8446093179059	0.648261978502739	0.0546769666658625	23.0410909739102	-0.937969609681067	1.80776986299642	0.981617046735199	0.000337932970643662
MCF 10A	TG 101348	3.59341387836527	0.05944517144495	0.235572907913053	5.59873170600811	-0.386817678968913	1.29224850153985	0.997230166850527	7.67197567597133e-06
MCF 10A	TGX221	Inf	0.658351201866291	0.0974121904240492	0	0.911475462545295	0.01	-1.87783122385099e-12	0.366684851693393
MCF 10A	TWS119	5.2212100921468	0.051436848409433	0.102501487202639	5.18824134368018	0.0155592027161931	4.99065826018192	0.998412661982544	2.51964198161314e-06
MCF 10A	Torin1	0.0452822206454686	0.0861619982079203	0.777487833026043	0.0347750415494153	0.117447134266932	1.01411551425232	0.983499958795019	0.00027225135976483
MCF 10A	Torin2	0.0095333554401594	0.0273155382941928	0.910432991114649	0.00862178106523897	0.0440185754941945	0.916929169850054	0.943787061066935	0.00315989450349241
MCF 10A	Tozasertib	0.0332732903444756	0.0589487819596062	0.865032882023072	0.0303432024164066	0.0895053938520024	2.13972702223041	0.981264528416095	0.000351017895471317
MCF 10A	Trametinib	-Inf	0.209016876278256	0.80195658429293	0	0.197921262215034	0.01	-4.9427129056312e-13	1
MCF 10A	Vemurafenib	8.93183487455595	0.461167800754041	0.110908529366667	8.93809301683879	-0.000481492676733981	1.3742255213601	0.999128239591005	7.59966210739371e-07
MCF 10A	WH-4-025	1.20268330417957	0.215056157294869	0.375431403329341	0.830794930037303	0.176949469108526	1.18077033926422	0.994347527168306	3.19504491130829e-05
MCF 10A	WYE-125132	0.0404202058983747	0.139285164656753	0.769954778176891	0.02917574821862	0.149940903033409	1.09360392025699	0.989589771469955	0.000108372858047767
MCF 10A	WZ-4-145	4.29559170185062	0.0526551172148182	0.233819259644987	11.6367126683585	-0.999999981090925	1.10238720881633	0.967920165526183	0.00102911577986753
MCF 10A	WZ3105	0.0452296774534341	-0.275666890600808	1.05246449210752	0.0700449938316778	-0.287572003884608	1.03878133530768	0.996509589269174	1.21829670698403e-05
MCF 10A	Withaferin A	0.577459272124734	-0.25653739169792	0.615128491131943	0.64282917894768	-0.235291521667203	3.59618570773069	0.999392894392314	3.68577218856636e-07
MCF 10A	XL147	12.7307546889117	0.591254230895923	0.0856865414385855	33.1437579224477	-0.999979005698919	1.14816010939195	0.978388274874505	0.000467066662899973
MCF 10A	XMD11-50	2.16339928778519	0.123018723383869	0.327032728832631	3.35125059478058	-0.224334969052834	0.846894619204911	0.999972377033421	7.6302830720465e-10
MCF 10A	XMD11-85h	19.634707543796	0.749007523384862	0.0541258121389424	46.7091443576802	-0.995660209951015	1.26432363111473	0.952531431077015	0.0022532650355962
MCF 10A	XMD16-144	0.0987865056543093	-0.024439791095866	0.752210269595569	0.0895271189570848	0.0661758496343268	1.4424878512381	0.966230459003149	0.00114038189913801
MCF 10A	Y39983	7.22121845940735	0.351276324777719	0.184702513142015	25.8626554358652	-0.999999999999976	0.861132349938328	0.891979961211293	0.0116683287799138
MCF 10A	YM 201636	6.0843852520036	0.296203145227478	0.17259190569187	19.9817312347278	-0.999997357359159	0.923906525855432	0.984330905134864	0.000245520533892596
MCF 10A	ZSTK474	0.978815329791124	0.174156433552395	0.427767398790515	0.790376909793109	0.08460859333787	0.86697011954628	0.998827712919506	1.37425699908711e-06
MCF7	(R)- Roscovitine	4.69443426416619	-0.0892647834115846	0.198892540926008	9.13479835128622	-0.999997411578932	1.65027530737278	0.974924703064487	0.000628770516404087
MCF7	A443654	-Inf	-0.361032525704759	1.22816803573393	0.0054813205946423	-0.359772035596666	0.537837509692719	0.966797949110872	0.00110237618324427
MCF7	AT-7519	0.0653128041504502	-0.398361495181484	1.1212090288479	0.0851312608713587	-0.343007244703062	1.9711517315655	0.995199658932947	2.30432743599795e-05
MCF7	AZD 5438	0.10039186414794	-0.431056709175814	0.950216250413711	0.184646209100437	-0.393441923120589	0.952594220777472	0.977713484731854	0.000496688762797293
MCF7	AZD-6482	5.04391772685736	0.0905513291308608	0.1739951815398	11.1074300835956	-0.957131622791402	1.35492124417002	0.994121916993019	3.45518598369177e-05
MCF7	AZD7762	-Inf	-0.271886494670727	0.968765736496829	0.838872811705827	-0.999999921341483	0.188438315877489	0.979288293220263	0.000428974797729742
MCF7	AZD8055	-Inf	-0.188170462923504	1.0230271966969	0	-0.0319845365302362	0.01	-3.30402372128447e-13	0.147372600139461
MCF7	AZD8330	-Inf	0.400375702911165	0.626357834605833	0	0.377015514765272	0.01	-6.21724893790088e-15	1
MCF7	Afatinib	3.28365722223247	-0.23667487413111	0.332737011935121	7.55880031910587	-0.999999999999978	1.31766850953637	0.877061835299341	0.0151137923399663
MCF7	BEZ235	-Inf	0.0500321509902324	0.912917903196595	0	0.0938379653883273	0.01	-4.44089209850063e-16	0.180174242912013
MCF7	BI-2536	-Inf	-0.188340675502742	0.97318759648084	0	0.0146550796889846	0.01	-2.22044604925031e-16	0.129664899889867
MCF7	BMS-387032	0.0139465524632476	-0.353205266340492	1.29827411520375	0.018693924830695	-0.338644114713477	1.76531711213452	0.993217011633629	4.60089311783429e-05
MCF7	BMS345541	1.23155613167887	-0.342213699823565	0.441734151244127	1.97128157789228	-0.470220491133689	1.40924256558159	0.996936563200293	9.3846450257562e-06
MCF7	BX-912	1.28675104153338	0.0228830000151174	0.431942031724231	8.57899545445973	-0.880921454891369	0.535473396667673	0.972336529347315	0.000765267608552
MCF7	BYL719	0.564394880790136	-0.0277098267483882	0.546145199422184	1.64097874905341	-0.387084084448665	0.537182520037918	0.98752523739088	0.000155619702153831
MCF7	Barasertib	-Inf	0.110493552883348	0.869937240419122	0	0.134678127331106	0.01	-2.22044604925031e-16	1
MCF7	Brivanib	Inf	0.860224591977045	0.0942906177278854	0	0.901725943810233	0.01	-1.4273027204581e-12	1
MCF7	Buparlisib	0.12258771495203	-0.188939335882475	0.86537862426032	0.169909451401137	-0.219980878299199	1.11695211546888	0.998438970450888	2.43681325318157e-06
MCF7	CGP60474	0.0382336750023449	-0.424554169792484	1.24795733324802	0.0471058497298671	-0.359793289625999	2.59767371768404	0.98767724023215	0.000151850408296128
MCF7	CHIR-99021	2.80437672810106	0.224379737200183	0.345748890650505	46.536465081	-0.999998816596656	0.39109648763834	0.907474756605754	0.00856092066516434
MCF7	CP466722	Inf	0.608653647057519	0.0240951914464654	4.63267364797958	0.599589610472466	4.89317268427877	0.926924990101405	0.00533995707167778
MCF7	CP724714	Inf	0.510841394813466	0.223580387220092	0	0.759781461238598	0.01	0	0.216269106349147
MCF7	CYT387	2.11732331809806	0.070015415225797	0.34682782711985	6.67606796845201	-0.633278896887129	0.712538355933501	0.995589252320096	1.94546950957886e-05
MCF7	Canertinib	2.48405940789516	-0.362897856216276	0.358600636161113	6.24238560620166	-0.999999999999977	1.19224095214572	0.942891797174174	0.00326134682999568
MCF7	Celastrol	0.453391114587569	-0.188510917278576	0.593021145413346	0.531520114093082	-0.161076102821005	1.75651341912504	0.982763017124338	0.000297113578655916
MCF7	Crizotinib	0.570640493153661	-0.165427204171115	0.574671514327741	4.99534089662695	-0.999999920709277	0.506389241268787	0.983067179818697	0.00028672039929234
MCF7	Dasatinib	0.0284208790629269	-0.0775945307235415	0.973544747245536	0.030786723901037	-0.0571965237961917	1.35455952903006	0.99468708453782	2.82270707082644e-05
MCF7	Dovitinib	1.84622691555309	0.310994447237907	0.365388423491758	1.10475243357472	0.144622323643963	0.66487215050591	0.992699064822407	5.33036544674292e-05
MCF7	Enzastaurin	20.163347217674	0.762447271552911	0.0415452043279325	45.6814313496716	-0.958870427556333	1.30933765143439	0.960876389293557	0.00153065691470933
MCF7	Erlotinib	Inf	0.927377701395314	0.0109116279814792	0	0.973334093975741	0.01	-5.32907051820075e-15	0.945757093587489
MCF7	Flavopiridol	0.0180077628103881	-0.3606186123442	1.31812192721315	0.022799660328108	-0.35474801770486	2.2725797313832	0.994549832830051	2.97043221804127e-05
MCF7	Foretinib	0.142355711455263	-0.223520701008898	0.778631528398952	0.153310625771279	-0.0698350048869854	1.76347128387865	0.948903735588281	0.00261082823683234
MCF7	GDC-0941	0.0171805836797204	-0.0773778130404378	0.938599438571019	0.0213852568642874	-0.0813976687651436	0.688953027154576	0.989202601862193	0.000116583806546333
MCF7	GDC-0980	-Inf	-0.0502609916474795	1.02350680677424	0	-0.0125649122522494	0.01	-3.26405569239796e-14	0.287787652965045
MCF7	GSK 690693	0.175007135334939	0.322293786546468	0.558444330868478	0.0283028320247643	0.286144008166785	0.466173565790436	0.993402719423528	4.35241110045004e-05
MCF7	GSK1059615	0.51331449714031	-0.190073191675645	0.587890193819602	0.732483789988556	-0.241295263042535	1.1075464650984	0.998162550777482	3.37621964530133e-06
MCF7	GSK1904529A	0.0344463989970517	0.330125313986068	0.597130941091562	0.00197970128802536	0.276027002397753	0.281146252144401	0.982568659865636	0.000303851618879802
MCF7	GSK2126458	-Inf	-0.214562280402148	1.05195703827711	0.00129385582919975	-0.634682724100414	0.100000000000024	0.784420425057826	0.0464745531322485
MCF7	GW843682	0.0697215912291891	0.0413540196906692	0.799261157878857	0.0618872731351769	0.0908086451573986	1.68148303159603	0.973952498153264	0.000678472352454107
MCF7	Gefitinib	Inf	0.815240519803463	-0.0264081773082114	0	0.999995037029445	0.01	-0.0238198938384582	0.111815110252785
MCF7	Geldanamycin	0.0247183882985168	-0.29405036724948	0.937092090961676	0.0656071699852797	-0.299948251999701	0.481426966001203	0.845245621792484	0.0239489175743949
MCF7	HG-5-113-01	0.333027417591089	-0.21054006665306	0.650270458401658	0.678528715357118	-0.336445135063376	0.722989181860739	0.986043195344174	0.000194792396200905
MCF7	HG-5-88-01	0.305130600402088	-0.0642708153104448	0.605525574345915	9.66804738090925	-0.999999994026873	0.317900054778337	0.967583833860067	0.00105080782721179
MCF7	HG-6-64-01	3.92985122251661	-0.346876795261504	0.175735257213734	5.45585363221868	-0.640420857421659	2.51318470020456	0.978730370569107	0.000452397136127547
MCF7	Imatinib	Inf	0.901868078023793	-0.0521857889144209	0	0.999999519621363	0.01	-0.408040410714815	0.520868601611028
MCF7	JNK-9L	0.143604428833653	-0.231676461078788	0.860776438399139	0.226151061361371	-0.298861319912287	1.03179317333387	0.976657995141365	0.00054484919082054
MCF7	JW-7-24-1	0.168785140645025	-0.132859015888371	0.680813905476475	5.79387031575345	-0.999998859605326	0.31069952246614	0.97926339681608	0.000430006711607311
MCF7	KIN001-043	5.89899704940244	0.231538400080983	0.209989899761808	17.1700864476042	-0.99999999999996	1.02829119202092	0.868747697328241	0.0172271669566392
MCF7	LDN-193189	2.59295213052523	-0.365252664941165	0.29094116396299	3.74705436064123	-0.552632737445809	2.02198860763795	0.996514649902154	1.21476653045516e-05
MCF7	Lapatinib	8.3486512504534	0.333985062323935	0.138240572412222	13.6698215665624	-0.999944247709258	2.22793766996538	0.832750867183999	0.0279722724276993
MCF7	Linifanib	6.57193339252283	0.0731687766055553	0.127606606922794	10.6810848248685	-0.999997075626037	2.26206811477688	0.990662900016787	8.71814360965395e-05
MCF7	Linsitinib	1.13895610420416	0.283988469971695	0.450870308502394	4.1222473484656	-0.259001108767725	0.324496285103855	0.951482099424711	0.00235398667623365
MCF7	MK2206	0.130774581363965	-0.0856861647073006	0.685746433201427	7.82035703351976	-0.999999967925173	0.268543014958714	0.929405986311746	0.00498351476861736
MCF7	Mitoxantrone	-Inf	-0.564668847627215	1.1353485998311	0.151633205253409	-0.99999999998829	0.22590920576312	0.822903190364966	0.0313632799829076
MCF7	NU7441	6.72060044547019	0.300145296488424	0.154507680007101	17.2378593341997	-0.999999879776713	1.16634094311046	0.988560677307745	0.000130858103657538
MCF7	NVP-AEW541	0.977073189016332	-0.0524135653580898	0.472546738303961	6.13490475108036	-0.771340006757144	0.507960269122488	0.892286411674969	0.0116022171098543
MCF7	NVP-AUY922	-Inf	-0.00975644544339749	0.970354177846112	0	0.0276207009151964	0.01	-6.66133814775094e-16	1
MCF7	NVP-TAE684	0.0493881843910261	-0.185111610798504	0.973796485679495	0.060541389350858	-0.145878585291627	1.25728523138026	0.985485569448338	0.000210668694239025
MCF7	Neratinib	0.679680717442872	0.0987434791630171	0.508773018183116	25.3175216202696	-0.999999998203602	0.303682975160976	0.97742817873947	0.000509487115017304
MCF7	Nilotinib	7.20573367548421	0.0502938828803585	0.105660369363663	9.10497085283204	-0.633530242397732	3.49864046268157	0.993116701865043	4.73797932145636e-05
MCF7	Nintedanib	1.5452456707401	0.0739813283409587	0.38231626001522	2.563586774365	-0.238614734248179	0.770741811878976	0.995020947262379	2.47909661640344e-05
MCF7	OSI-027	0.220996645171463	0.128105773078688	0.600734922229534	0.162058457757009	0.163481661139808	1.27649163578488	0.990596042329569	8.84344198672782e-05
MCF7	PD0325901	0.288360397311508	0.0376866995975453	0.583052709833079	23.1560388288715	-0.999999793311743	0.25049300009234	0.924778405501464	0.00565828827890213
MCF7	PD173074	10.3178427152565	0.555601960821889	-0.0280709250955643	12.8473949062492	-0.996583170305028	4.99999999999998	0.838056643730757	0.0262256502624973
MCF7	PD184352	4.04740119668564	0.351207937065474	0.318221170616664	33.6513056398614	-0.650789775255295	0.39358109326842	0.967768679742224	0.00103885800555703
MCF7	PF431396	0.122175905273857	-0.278832191576997	0.806584753484263	0.252495431027781	-0.312639714544649	0.669043691604439	0.969281254842483	0.000943641304052445
MCF7	PF477736	0.07241618902159	0.0518630336214854	0.701347675713055	0.164056435721896	-0.159406123133495	0.338393347763327	0.981104723339093	0.000357031480092251
MCF7	PF562271	0.440945675329156	-0.308937843219287	0.644990438107435	1.52119616417654	-0.674056008508522	0.689324504844057	0.99923270498342	5.88741642437718e-07
MCF7	PHA-665752	Inf	0.697793943630383	0.0102175644071342	4.21470776287987	0.693765203421779	4.99977928405198	0.88878790205378	0.0123681307295995
MCF7	PHA-793887	-Inf	-0.32739060734613	0.988937414809256	0.640653130872825	-0.999999659603421	0.184512684682306	0.929782496722563	0.00493049776651688
MCF7	PI103	0.0856567442575668	-0.144371506756882	0.871290650790681	0.103166768790767	-0.120433861157051	1.16028101569207	0.996501151239855	1.22419426463738e-05
MCF7	PIK-93	3.08352352109097	0.0821756349450529	0.202076831256803	3.01647232188634	0.0247432129244191	2.30853156772966	0.991045056634973	8.01910106708048e-05
MCF7	PLX-4720	9.99493091938794	0.499890725936126	0.0788240095914078	4.5449402826096	0.46720547131742	3.45701395382506	0.976595830193931	0.00054775516431127
MCF7	Palbociclib	0.259558060290783	0.29624312799282	0.548226310593626	0.0791670280906533	0.261442564588836	0.623197921431625	0.998288330714763	2.92981174199181e-06
MCF7	Pelitinib	2.4556652724973	-0.165749642111758	0.292656993854763	4.17067780393291	-0.5226501490499	1.35089765479892	0.996155120536064	1.47830980922192e-05
MCF7	QL-X-138	0.059287387526647	-0.0970169967047245	0.731294094889798	7.12244336280577	-0.999999765465142	0.229421949658302	0.965026243700199	0.00122316362971786
MCF7	QL-XII-47	0.0679135645585995	-0.175150518251878	0.905551725046697	0.0963404658418299	-0.18603925012422	0.904688536316443	0.985790182331125	0.000201918918182664
MCF7	R406	6.1863769603407	0.278382089503825	0.166716562336692	17.7880780276672	-0.999998971704607	1.04017572787304	0.980039619945015	0.000398416771939414
MCF7	Radicicol	0.0516417552994543	-0.0902058157923987	0.826307300999127	0.0494129621022222	0.0225839172141372	1.04764339957666	0.900745414305439	0.00985147278139886
MCF7	Rapamycin	-Inf	0.459573154220786	0.505880187646173	0	0.492180091263573	0.01	-2.22044604925031e-16	1
MCF7	Ruxolitinib	Inf	0.788941046446738	0.0218380888342433	0	0.961889809725525	0.01	-4.45530279336026e-11	0.0563192629875284
MCF7	SB590885	9.62174116302905	0.42378552670291	0.0426526611079376	11.9800089072745	-0.996192112187849	4.99999999999998	0.944111086039313	0.00312357070370295
MCF7	SU11274	5.21577944926692	0.0994968858030358	0.152934526081664	11.6875425226365	-0.999992645853905	1.36162585393824	0.972832226205638	0.000738087932941611
MCF7	Saracatinib	0.244633605605255	0.220360774843909	0.56716387276961	0.141483779149614	0.230814095995181	1.13081155330641	0.994755572827343	2.75040163693063e-05
MCF7	Selumetinib	Inf	0.51884807752451	0.386526238902385	0.0784252311504913	0.534946998648129	1.49661356868437	0.985042269706115	0.000223733695544626
MCF7	Sigma A6730	1.18339767146192	0.0172397150602299	0.442505099547088	17.2121602607361	-0.999999999908989	0.410354638381256	0.898865035200741	0.0102282811049474
MCF7	Sorafenib	6.88675171540489	0.240830194776898	0.163620832683885	13.7648294866465	-0.999999994742621	1.58640427034842	0.946399594707867	0.00287300344748087
MCF7	TG 101348	1.38274483897293	-0.263882821721206	0.419498442597438	2.52628689162827	-0.51533759591399	1.17536384040499	0.998491637907617	2.27515620176977e-06
MCF7	TGX221	Inf	0.777120033096022	0.119764175063865	0	0.870601228066398	0.01	-2.22044604925031e-16	0.99854945473262
MCF7	TWS119	3.89445631246107	-0.161887814727249	0.192456600758905	4.56389007468613	-0.285958298590692	2.85141871432665	0.996724380534702	1.07296828814052e-05
MCF7	Torin1	-Inf	-0.064573922021676	0.947133333220735	0.0833215277487411	-0.722279424979349	0.100140555858058	0.993596033491053	4.10107870477683e-05
MCF7	Torin2	-Inf	-0.108358667214801	1.03621159300579	0	-0.0392040949653377	0.01	-3.09419156963031e-12	0.900629801433264
MCF7	Tozasertib	-Inf	0.040570058558995	0.932156985317414	0	0.065676050472683	0.01	-2.22044604925031e-16	1
MCF7	Trametinib	-Inf	0.425175050559952	0.613741540080796	0	0.387780146128638	0.01	-7.03881397612349e-14	1
MCF7	Vemurafenib	Inf	0.874201215151464	0.00261926695400935	12.829180836896	0.533729928944429	3.991975900685	0.887540491541754	0.0126471409136828
MCF7	WH-4-025	0.317797381750916	-0.0870335353596536	0.620744494202109	0.369290722387413	-0.0746724350859281	0.926895727503531	0.965089655238109	0.00121873217139412
MCF7	WYE-125132	-Inf	0.0129914258934438	0.876309245048402	0	0.117805256063815	0.01	-6.90647539158817e-12	0.137534866900312
MCF7	WZ-4-145	0.434112076062507	-0.254749383838982	0.589366781387987	5.80280523838913	-0.999999996756971	0.42371753642637	0.909437936807197	0.00820148728973713
MCF7	WZ3105	-Inf	-0.295570500980354	1.28210249681524	0	-0.285865980837128	0.01	-3.47477602247181e-12	1
MCF7	Withaferin A	0.28660594064637	-0.182711141377354	0.685750834430282	0.319607930631601	-0.119368749841651	1.96439151997364	0.97877818409771	0.000450365470190728
MCF7	XL147	10.8335013991833	0.633457743597718	-0.0160503217988177	13.4034366088957	-0.949461249007177	4.99999999999998	0.851971813239277	0.0219123440751341
MCF7	XMD11-50	0.634271553181436	0.0356486894909405	0.514579746892566	0.920373477894575	-0.146074466851283	0.688436869462404	0.997043251201764	8.74236345582702e-06
MCF7	XMD11-85h	Inf	0.307924241412012	0.240359540624431	0	0.721419296946965	0.01	-2.22044604925031e-16	0.13643603702624
MCF7	XMD16-144	-Inf	-0.263702212566169	0.882115262867437	0	0.0919219980410016	0.01	-2.22044604925031e-16	0.288614741902688
MCF7	Y39983	4.14719867639539	-0.222463536514278	0.199625056994748	7.75537294026372	-0.999999983191894	1.75510403083541	0.99573683573346	1.81745695635449e-05
MCF7	YM 201636	2.04067025037445	0.000820533860150796	0.328566860947595	3.82839906932928	-0.394557276497964	0.924586843306751	0.985399108638482	0.000213186028550805
MCF7	ZSTK474	0.0806659357954896	-0.00791929585914597	0.812608158903632	0.082023513845334	-0.00933928973904786	1.10885195511295	0.999621787166813	1.43044947220616e-07
MDA-MB-231	(R)- Roscovitine	8.32931478653279	0.411493070316932	0.134171530268664	23.5842223820844	-0.999999944203387	1.05554927065541	0.9713786719141	0.000819180421384957
MDA-MB-231	A443654	0.0717609632791652	-0.358137269337958	0.976129293785461	0.13011867929728	-0.349787772474613	0.891233265699554	0.989500633985413	0.000110236686708287
MDA-MB-231	AT-7519	0.0775190379469519	-0.386953015122737	1.06418931768838	0.115524689000845	-0.371451359116732	1.39249791167596	0.99767147092795	5.42204763942511e-06
MDA-MB-231	AZD 5438	0.195205510524027	-0.31172016924268	0.808994704948156	0.341589827362551	-0.358939314348523	0.966996072846403	0.999418554123876	3.3807930688301e-07
MDA-MB-231	AZD-6482	9.39252243618163	0.480446041502277	0.221097459083857	114.425994593237	-0.999970775019493	0.439434592431171	0.993167071293166	4.66889147127114e-05
MDA-MB-231	AZD7762	0.0994902421809239	-0.292595008560934	0.903209689040035	0.204374661470863	-0.372174301976417	0.772864028918727	0.990327573109025	9.35558419612459e-05
MDA-MB-231	AZD8055	0.0203127573145206	-0.0484349436468374	0.7676016712635	9.37838364804111	-0.999985329087149	0.179073835942123	0.930719197328278	0.0047998296188303
MDA-MB-231	AZD8330	-Inf	0.0834391830662988	0.92524714864232	0	0.0778882536417927	0.01	0	1
MDA-MB-231	Afatinib	2.06221577834656	-0.210868142772941	0.374707768109312	7.93175307469625	-0.999999999460278	0.8155429831285	0.905135983163337	0.00899918169038672
MDA-MB-231	BEZ235	0.0247947311243414	0.220056878304512	0.748691539471547	0.0157303816162336	0.223445594150305	1.30143322844435	0.854760053515993	0.0210946420546773
MDA-MB-231	BI-2536	-Inf	-0.0516375801893326	0.996095040039222	0	-0.000170517819091933	0.01	-3.75255382323303e-14	1
MDA-MB-231	BMS-387032	0.034342924287408	-0.208403795607431	1.16790483841559	0.0379399578088136	-0.224422359560782	3.72222464946247	0.995159493149742	2.34305065673901e-05
MDA-MB-231	BMS345541	1.90245252733869	-0.254499838180404	0.372940850932644	5.90352529055597	-0.999986198473017	0.970149628842831	0.999292810157902	5.00117472768125e-07
MDA-MB-231	BX-912	0.892177864371605	-0.0276128419167896	0.466620692320773	1.27953938407848	-0.186802669626386	0.88033219107388	0.994643435376012	2.86927845709606e-05
MDA-MB-231	BYL719	16.9715474479645	0.660564837212448	0.0779635996938634	53.140365537941	-0.999528662564729	0.962238832233065	0.98422355336537	0.000248896268415177
MDA-MB-231	Barasertib	-Inf	0.105558364683833	0.861225522611395	0	0.14122952312998	0.01	0	0.667312923694264
MDA-MB-231	Brivanib	Inf	0.678095163772268	0.106583441807311	0	0.87755230928139	0.01	-2.22044604925031e-16	0.135658281268476
MDA-MB-231	Buparlisib	1.19390580233274	-0.259696909878046	0.436407676273856	1.96328544652476	-0.418854302843609	1.22342719552734	0.995652139558658	1.89038904173655e-05
MDA-MB-231	CGP60474	0.0286294549193173	-0.317703745168258	1.19488949831518	0.0385089860139587	-0.303678138856733	1.60088346059249	0.992729968959992	5.2853351322657e-05
MDA-MB-231	CHIR-99021	Inf	0.759573838900671	0.168994253547912	0	0.830769731571676	0.01	-4.60764759679932e-11	0.112126138744538
MDA-MB-231	CP466722	12.1507128829018	0.569163111717904	0.0929448289987902	31.8513324494887	-0.999997933751022	1.14000284735142	0.886915113932726	0.0127881914568482
MDA-MB-231	CP724714	Inf	0.830665071845096	0.105807111415306	0	0.890330734740059	0.01	-3.574918139293e-14	0.0832848250307955
MDA-MB-231	CYT387	1.19176709996402	-0.109745333165173	0.451640391145189	8.87631556738852	-0.999999980232511	0.547131456068652	0.968005049486883	0.00102367685833682
MDA-MB-231	Canertinib	3.3687585212372	-0.253101005554943	0.27223568476363	7.27134271405814	-0.999999980409638	1.42788798241808	0.983204228530868	0.000282097939243275
MDA-MB-231	Celastrol	0.610546641413543	-0.354247531911639	0.568751775656191	0.776652376456614	-0.290492502598624	1.90347223705983	0.984701741204219	0.000234036722182696
MDA-MB-231	Crizotinib	1.19275369403364	-0.0216008571007975	0.436167919834165	2.38360759287192	-0.368478121352855	0.797478036450771	0.979501741057054	0.000420178619692013
MDA-MB-231	Dasatinib	0.0177349966273752	-0.249724421648666	1.15737569715436	0.0241911239249996	-0.24035509507348	1.26438083489081	0.998864779954603	1.28872455151807e-06
MDA-MB-231	Dovitinib	0.699078366552911	0.225285998177238	0.447533963533188	0.373384295961994	0.220743418644484	0.928761461910388	0.976980100286573	0.000529915782816248
MDA-MB-231	Enzastaurin	Inf	1.00468591981338	-0.00579776682543553	0	0.999998521738438	0.01	-0.368884763878473	0.99978857944585
MDA-MB-231	Erlotinib	12.4048698484937	0.65243624929894	0.0781464283942305	19.8063279583408	-0.886939369251232	2.18042245703458	0.800542782769479	0.0397831815053402
MDA-MB-231	Flavopiridol	0.0281993609478447	-0.291965671713919	1.22345334691346	0.0334623489714531	-0.282829629759577	2.61981562734442	0.999160137816445	7.05368487396996e-07
MDA-MB-231	Foretinib	0.162817604604541	-0.215335748349951	0.743323219041643	0.179871432465119	-0.0713498884787657	1.33913610942902	0.943593122982158	0.00318173577490599
MDA-MB-231	GDC-0941	5.79046047116007	0.373287920102862	0.315433981307414	301.335652523915	-0.999998242241917	0.277987731935417	0.869862525888934	0.0169357621679816
MDA-MB-231	GDC-0980	0.232392560771118	0.146604250315704	0.597839294298802	0.184967362326848	0.0574806470949658	0.535047691513366	0.996237904513361	1.41533624505863e-05
MDA-MB-231	GSK 690693	Inf	0.867212783478338	0.0733274065235735	0	0.917378534393516	0.01	-6.18349815795227e-11	1
MDA-MB-231	GSK1059615	1.27658708814723	0.00302876819621445	0.371302732218462	1.29626741309524	-0.0134176719143922	1.73096611225636	0.997673334054933	5.41337441994916e-06
MDA-MB-231	GSK1904529A	Inf	0.936802197989172	0.0979989991954075	0	0.898195792226247	0.01	-2.03614902716254e-13	1
MDA-MB-231	GSK2126458	0.0335431556378356	-0.171521438904357	0.931651011707534	0.0592217671533265	-0.211545927460818	0.62068421396152	0.999265237214879	5.39876350402757e-07
MDA-MB-231	GW843682	0.26717151315627	-0.0398368032547376	0.669660304909454	0.283081558962818	-0.0410173847431696	1.36302823518573	0.991055166831352	8.00100404149129e-05
MDA-MB-231	Gefitinib	Inf	0.898298390964812	-0.00964688531646376	0	0.999975883822945	0.01	-0.00850722190380893	0.110050144959394
MDA-MB-231	Geldanamycin	0.0299115328474711	-0.280434942160672	1.00571986859526	0.0475099600543012	-0.222212356669057	0.794715563905791	0.930095926876709	0.00488657943922644
MDA-MB-231	HG-5-113-01	0.770938226549861	-0.0617280450634923	0.487252727887209	0.936967664213018	-0.122272419339366	1.12166368685952	0.997904838564011	4.3897014428973e-06
MDA-MB-231	HG-5-88-01	Inf	0.462880780246334	0.216703074449567	0	0.758071347213736	0.01	-2.22044604925031e-16	0.143727117025087
MDA-MB-231	HG-6-64-01	0.715341922146157	-0.330021027181891	0.549165696297902	1.95662012247245	-0.641842844958596	0.820691551643302	0.987240081647822	0.00016281551635422
MDA-MB-231	Imatinib	19.5299304111775	0.914273611733827	0.00350340829045524	14.4541060474825	0.386794663107414	4.93539723460712	0.937300278069411	0.00393125512989334
MDA-MB-231	JNK-9L	0.281833822935072	-0.180278264892703	0.708515983679898	0.440109653644549	-0.267789863675272	0.96231080904907	0.986403468708434	0.000184865663162559
MDA-MB-231	JW-7-24-1	2.13760058702565	-0.118604383985039	0.362504346163653	9.83048753577802	-0.999999997014378	0.720021634614851	0.89432068811664	0.0111681169601405
MDA-MB-231	KIN001-043	Inf	0.235992843089721	0.217898166199749	0	0.748092926019832	0.01	0	0.0653842687057754
MDA-MB-231	LDN-193189	1.70787879402717	-0.34587918257362	0.402505831819099	2.5231997163562	-0.476390757361529	1.71482565139789	0.996481762854276	1.23779926135548e-05
MDA-MB-231	Lapatinib	Inf	0.617678112939374	0.0922858852916738	0	0.881194114379687	0.01	-2.22044604925031e-16	0.0619168804875276
MDA-MB-231	Linifanib	8.7844708554419	0.220940903297179	0.013293534269771	10.943021572564	-0.999955067917904	4.99999999999998	0.95480099221338	0.00204295030467427
MDA-MB-231	Linsitinib	Inf	0.711922075079581	0.161584364876303	0	0.82440163212845	0.01	-8.57824922206873e-12	0.685692910134024
MDA-MB-231	MK2206	9.67154512429558	0.451199694269097	0.196678709660131	80.42448070037	-0.99999996320853	0.51867070817698	0.918007474358667	0.00672277426104462
MDA-MB-231	Mitoxantrone	-Inf	-0.44879005265448	1.1989492740963	0.0352922682436847	-0.999999999138354	0.148798699898894	0.932514981420525	0.004554227732672
MDA-MB-231	NU7441	4.36668544306262	0.15884618045097	0.222670608100049	14.228864739388	-0.999998975859613	0.930027093761031	0.993878622434325	3.74712633015584e-05
MDA-MB-231	NVP-AEW541	8.01222346370013	0.208527903584847	0.0976719545811371	11.0898230578084	-0.885958395435751	3.13646869350809	0.995818595721754	1.74841417370786e-05
MDA-MB-231	NVP-AUY922	-Inf	-0.123969488517738	1.0891356607116	0	-0.0913672158393948	0.01	0	1
MDA-MB-231	NVP-TAE684	0.768754632563384	-0.217921021090498	0.539500322684459	4.78627139395399	-0.999933790632808	0.60072567733888	0.993285474017586	4.50848591685427e-05
MDA-MB-231	Neratinib	2.14095082517508	0.146207291714241	0.358589274681209	13.5082994638897	-0.84847581558471	0.538595494790669	0.99709170607552	8.45817355121792e-06
MDA-MB-231	Nilotinib	5.71484980747675	-0.00195915719908224	0.209153330622771	10.0789047115113	-0.999999779133791	1.93630153032138	0.93420525826133	0.00432894804045825
MDA-MB-231	Nintedanib	7.90647454237868	0.346207112076782	0.0919188053469634	15.8275303076858	-0.999377490760198	1.58225970970552	0.97413433983469	0.000669032375787304
MDA-MB-231	OSI-027	4.10809798437135	0.282484817746585	0.265855450468104	18.6774389951339	-0.746649374480134	0.603297060549219	0.976901989843888	0.000533518073171813
MDA-MB-231	PD0325901	0.0777215763321426	-0.0913195886573694	0.803716352117129	0.142268211379927	-0.201350566510352	0.559725920222353	0.997221093117961	7.72232345902513e-06
MDA-MB-231	PD173074	8.1894530103959	0.0491532262670449	0.035898728677346	10.201818762438	-0.999973364489375	4.99999999999995	0.972727614873629	0.000743782990481168
MDA-MB-231	PD184352	2.76469565890857	0.176660504267814	0.326332317673397	21.2989446832345	-0.999999952932559	0.538079907561625	0.978899228665987	0.000445242550890179
MDA-MB-231	PF431396	0.42722889136703	-0.199021590948915	0.609034110993024	0.871589508133826	-0.348119791891786	0.741114714598982	0.985189742109388	0.000219343738786404
MDA-MB-231	PF477736	1.57535231739409	-0.0196046090098678	0.398345608397765	7.34748821731203	-0.848373425043901	0.644236206809142	0.995133545073363	2.3682383552992e-05
MDA-MB-231	PF562271	1.19400301039772	-0.197306752323163	0.465082486383474	5.77890309085391	-0.999999860826414	0.696690061153458	0.990948562469295	8.19285213722321e-05
MDA-MB-231	PHA-665752	6.00349846431985	-0.31658609998982	0.137085584537731	7.53567106391847	-0.741113288384571	3.99970931896553	0.999228709162232	5.94889556393419e-07
MDA-MB-231	PHA-793887	0.00795545715213134	-0.265170196443394	0.979649812596872	0.10665092225986	-0.57779671069855	0.295899055307988	0.989289625055077	0.000114712131460859
MDA-MB-231	PI103	0.36484506749111	0.0865509857893192	0.56731657769039	0.560101416346268	-0.110470710781207	0.465705145934487	0.971232335834429	0.000827578501542914
MDA-MB-231	PIK-93	6.73380477001227	0.270712052048623	0.129533691377602	15.0929612590548	-0.999939771482767	1.36115505534069	0.997021671475182	8.8704408016671e-06
MDA-MB-231	PLX-4720	Inf	0.664010443381668	0.0784053821874201	5.38048297038064	0.517048625836542	1.32506572563751	0.993160017588125	4.67853593947298e-05
MDA-MB-231	Palbociclib	0.324709865164036	0.276880409405599	0.540095103434717	0.124185271753171	0.15666991350821	0.391107356689218	0.996733955523498	1.06670465224168e-05
MDA-MB-231	Pelitinib	2.28031566571338	-0.144328107831904	0.309639693404583	4.07356302732861	-0.522453382028951	1.23293184261535	0.994671158918198	2.83965472750447e-05
MDA-MB-231	QL-X-138	2.0617460607456	-0.14134336212106	0.373579629103868	8.83240523245308	-0.999999998326096	0.755125308649145	0.920689909727297	0.00629009041906436
MDA-MB-231	QL-XII-47	0.145696670471243	-0.129992511836936	0.742297126232933	0.381952867165178	-0.335652665671354	0.532912175241496	0.996260030859889	1.39873691690218e-05
MDA-MB-231	R406	4.8089580464607	0.19758511101615	0.211081587404256	15.9350366709455	-0.99999995680087	0.917008141060184	0.994233564754804	3.32517754370043e-05
MDA-MB-231	Radicicol	0.237528106382113	-0.0343689746089635	0.671427003942733	0.240314650320327	-0.0109779712275034	1.86213710895555	0.989024324823513	0.000120465445579754
MDA-MB-231	Rapamycin	Inf	0.788555943389028	0.203733172682956	0	0.797513320246591	0.01	-2.51243470472673e-12	1
MDA-MB-231	Ruxolitinib	15.2191294168243	0.683532237855793	0.0816423679309562	33.3072653923001	-0.999999030475673	1.40268158713545	0.783242542173233	0.0469837955235125
MDA-MB-231	SB590885	4.59987547374109	-0.196981205479629	0.227722412364363	8.21401124498012	-0.999999999892403	1.89477278835405	0.975611701350703	0.00059478911099875
MDA-MB-231	SU11274	6.38963369370869	0.0942750898631235	0.122360446455092	10.9893319565704	-0.999933652844623	2.02595118603059	0.992356728029725	5.84196064115083e-05
MDA-MB-231	Saracatinib	1.10236963282171	0.340263763508617	0.42664627103921	0.20808184179036	0.328669032458346	0.642367899866364	0.958698910225597	0.0017057800165533
MDA-MB-231	Selumetinib	0.725719761794062	0.193954737474099	0.48445079929004	0.700599465202508	0.00874708506709459	0.500999404935787	0.984437485773127	0.000242191849061602
MDA-MB-231	Sigma A6730	Inf	0.573190214365365	0.143120482428068	0	0.835196189235732	0.01	-1.08586473146488e-11	0.113523499849457
MDA-MB-231	Sorafenib	Inf	0.814550457896638	0.0672170275689882	0	0.929886510498828	0.01	-1.32001920505331e-09	0.0739494837166241
MDA-MB-231	TG 101348	1.57926901994284	-0.310141345801257	0.408715400060148	2.89873234296155	-0.584588909313122	1.27504305010526	0.998210265809877	3.20314847124248e-06
MDA-MB-231	TGX221	Inf	0.712103205670528	0.183391177313179	0	0.81925579981953	0.01	-3.74500430666558e-12	1
MDA-MB-231	TWS119	3.91838547859039	0.0432326582668738	0.240037112849619	11.3971509376335	-0.999999687514514	1.02896773176893	0.986593216016528	0.000179741856779492
MDA-MB-231	Torin1	0.0177652042245909	-0.0382522962426172	0.784692500078756	1.65483988046017	-0.729468279737835	0.198430909477784	0.978792420580914	0.000449761424816786
MDA-MB-231	Torin2	-Inf	-0.20685778035542	0.966608531076809	0.957170085449488	-0.999990249851507	0.147300554002093	0.966665207421137	0.00111120839627576
MDA-MB-231	Tozasertib	-Inf	0.0888698800375063	0.923940028014614	0	0.0770442209459531	0.01	-2.22044604925031e-16	1
MDA-MB-231	Trametinib	-Inf	0.110204989550449	0.887120461091078	0	0.111646874078692	0.01	-4.59299265287427e-12	1
MDA-MB-231	Vemurafenib	8.57962141817597	0.423509998725253	0.127186995873009	22.4194231543502	-0.99999890445307	1.14374618523814	0.98289538014904	0.000292568020236694
MDA-MB-231	WH-4-025	0.158187213733669	-0.198650246454988	0.782432480633174	0.215587184606618	-0.181177734223617	0.998801612143372	0.988242382267707	0.000138241574738629
MDA-MB-231	WYE-125132	0.0250258761713348	0.090931385896647	0.707164492052708	0.496762658786617	-0.382234197263175	0.190030475454614	0.939538506369438	0.00365559221203848
MDA-MB-231	WZ-4-145	3.20685995050404	-0.0583956280763961	0.314546745427291	10.7588810026755	-0.999999999999978	0.907614521038097	0.826094352682743	0.0302431741688339
MDA-MB-231	WZ3105	-Inf	-0.23682248958597	1.2276400150902	0	-0.220371010600581	0.01	-3.10862446895044e-15	1
MDA-MB-231	Withaferin A	0.467910561756958	-0.341138268785452	0.637258692526785	0.569593187241383	-0.263875359600646	2.1551325574078	0.990133028106955	9.73571343381163e-05
MDA-MB-231	XL147	Inf	0.898666507424696	-0.0156967959128646	0	0.999999843597565	0.01	-0.0335072219373158	0.174523539075642
MDA-MB-231	XMD11-50	0.587697903223597	0.0633909641004875	0.510563762589921	0.601156186793684	-0.00989744596675342	0.865725279617165	0.997262837381553	7.49205919980955e-06
MDA-MB-231	XMD11-85h	Inf	0.313035262707372	0.215847919857803	0	0.743090585527445	0.01	0	0.0967121044380873
MDA-MB-231	XMD16-144	-Inf	-0.166227488745245	0.894877777523144	0	0.1003677763844	0.01	-1.11644027356306e-12	0.0553488221987434
MDA-MB-231	Y39983	2.86742496023287	-0.304864817648632	0.352239928730408	6.97056694312677	-0.999999999999978	1.23678301389891	0.898260862914346	0.0103508520149335
MDA-MB-231	YM 201636	3.94460423499328	0.0805042751240279	0.24125100961692	12.927907217146	-0.999999998509763	0.925505938124025	0.9639721466639	0.00129800621600751
MDA-MB-231	ZSTK474	3.7625073466866	0.38455082005736	0.331030677212349	7.05036946297165	-0.149117435515744	0.415617614051844	0.997986430646467	4.0544615415028e-06
SK-BR-3	(R)- Roscovitine	5.12518330025922	0.160315589318176	0.170926379438608	13.3385780800334	-0.999999103253192	1.14858171004482	0.991195552285049	7.75182995652601e-05
SK-BR-3	A443654	-Inf	-0.376569350674376	1.27079828592222	0.00135798936206244	-0.394177229138679	0.410345911048961	0.964005967216703	0.00129557039600492
SK-BR-3	AT-7519	0.060430350143717	-0.544232161881455	1.12344540262558	0.118246892435561	-0.497137058221512	1.02829930427029	0.976991154327859	0.000529406979164371
SK-BR-3	AZD 5438	0.197283394719203	-0.480450438323595	0.862892953905595	0.397910346319008	-0.510087016997474	1.00227796995626	0.99561501052753	1.92281326736321e-05
SK-BR-3	AZD-6482	2.85752634118006	-0.114670605031342	0.274290153558021	3.70345479935399	-0.299504170268644	1.81012707035217	0.99209825063072	6.24376430948814e-05
SK-BR-3	AZD7762	-Inf	-0.354681118162368	1.2165246434056	0.00410577417340049	-0.429520742786236	0.371187243882106	0.990264608877932	9.47778402996535e-05
SK-BR-3	AZD8055	-Inf	-0.351594928347491	1.14170122072793	0	-0.152074381090975	0.01	-2.22044604925031e-16	0.0957044484626611
SK-BR-3	AZD8330	Inf	0.77804089045897	0.290892345340167	0	0.700604967925753	0.01	0	1
SK-BR-3	Afatinib	-Inf	-0.182437587549015	1.12046790457196	0	-0.128672168268779	0.01	0	1
SK-BR-3	BEZ235	-Inf	-0.0471627876149998	1.01555845218033	0	-0.00502369377692868	0.01	-1.79856129989275e-14	1
SK-BR-3	BI-2536	-Inf	-0.237806778039932	1.173063404403	0	-0.177447237855145	0.01	0	1
SK-BR-3	BMS-387032	0.0388751473948549	-0.387431357436198	1.24442583687982	0.0484134217417098	-0.358828339122103	2.46539161008474	0.99721700885523	7.74503971190388e-06
SK-BR-3	BMS345541	1.6671965872569	-0.385782061307948	0.390000919695555	3.90798324381524	-0.843608380299721	1.16038457179591	0.994861774738812	2.64013588346934e-05
SK-BR-3	BX-912	0.166231423312347	-0.046465496170516	0.770569093342804	0.187954617749233	-0.0906371075002372	1.35640966435895	0.942764486396768	0.00327590401742572
SK-BR-3	BYL719	1.26096203073787	-0.0988398470292448	0.444192902598161	8.42063363343447	-0.999999999978199	0.578579326984439	0.986335733565663	0.000186712177188575
SK-BR-3	Barasertib	-Inf	-0.086781833802751	1.07624248663834	0	-0.0745700617522746	0.01	1.11022302462516e-16	1
SK-BR-3	Brivanib	Inf	0.82929621136195	0.163381154714545	0	0.834813301242184	0.01	-2.85353740636651e-10	1
SK-BR-3	Buparlisib	0.172373768739895	-0.346880646472393	0.887691568041895	0.248366318297098	-0.346276949116432	1.44080389487404	0.999562588768843	1.91328585197326e-07
SK-BR-3	CGP60474	0.0378582555422816	-0.434257684453675	1.14675900230522	0.0709433472929532	-0.421323554937834	0.973203013020347	0.986380097559681	0.000185501742483773
SK-BR-3	CHIR-99021	Inf	0.470760672726116	0.268001100172052	0	0.71042988987596	0.01	0	0.388624306933058
SK-BR-3	CP466722	10.7716013057372	0.530083785790186	0.0471498015128565	9.97641358550775	0.0624537364354349	1.73981651770494	0.882528851631594	0.013799470698992
SK-BR-3	CP724714	0.0311941958868347	-0.0923074701208383	0.813973702361532	0.0942212312849388	-0.24570933043082	0.361609289956375	0.944396035784921	0.00309180083643168
SK-BR-3	CYT387	2.47735726785234	0.0704841275804104	0.341128002253898	16.1577177407839	-0.999999909789775	0.585862330115845	0.93585754528898	0.00411425449635527
SK-BR-3	Canertinib	-Inf	-0.271021535760413	1.06654849445457	0.222611199745536	-0.995724149884349	0.133867410268456	0.96096671136051	0.00152359762201371
SK-BR-3	Celastrol	0.185886472789571	-0.266160803879485	0.86002599763869	0.218730650563921	-0.233838777552875	2.35814140130264	0.985417750970676	0.000212641986753193
SK-BR-3	Crizotinib	1.42303557632225	-0.185919193425258	0.433450601441221	7.7340065493336	-0.999999956801021	0.648977863405661	0.870139815067397	0.0168636676307299
SK-BR-3	Dasatinib	2.6797065382832	-0.156430119392274	0.303599301959842	7.47367879270223	-0.999982816859821	1.07109504219834	0.998319791630318	2.82310016552767e-06
SK-BR-3	Dovitinib	0.562648920539031	0.142153321578736	0.530591207410192	28.7573938321261	-0.999995470348421	0.279260510573981	0.980285760121852	0.000388651253971917
SK-BR-3	Enzastaurin	Inf	0.98052890387586	-0.064189163761309	0	0.999999995368142	0.01	-2.46063803273344	0.975564766581356
SK-BR-3	Erlotinib	6.80841968707477	0.155229660593625	0.181015279802797	11.6988518295199	-0.999999990706895	2.02946618210886	0.831114991415548	0.0285221461245703
SK-BR-3	Flavopiridol	0.0218537272562462	-0.416505737390562	1.32110390385532	0.0294824335105693	-0.392604380569778	1.93550638159336	0.99253702808264	5.56959498393406e-05
SK-BR-3	Foretinib	0.200781018785928	-0.11023963755386	0.740419228776477	0.209531287553641	-0.0734773468905916	3.21416008572239	0.993764039375639	3.88872049086331e-05
SK-BR-3	GDC-0941	0.0151368104856512	-0.100817829340637	0.885940185382465	0.03887744999713	-0.219067039882535	0.385192767462688	0.99239214420092	5.78794698594676e-05
SK-BR-3	GDC-0980	0.0148351114392221	-0.127865957903792	1.03747416707709	0.0174315465686015	-0.101464832536521	1.1455508877829	0.975318411325592	0.000609180819492572
SK-BR-3	GSK 690693	Inf	0.615616108880582	0.418369352212523	0	0.587176318915717	0.01	-1.11022302462516e-15	1
SK-BR-3	GSK1059615	0.396013325540971	-0.435348931414856	0.726423255398189	0.677330277276091	-0.483586417133108	1.26063601653363	0.998434895215075	2.44955298778216e-06
SK-BR-3	GSK1904529A	Inf	1.0361947459437	0.0548172774677907	0	0.934172244327682	0.01	1.11022302462516e-16	1
SK-BR-3	GSK2126458	-Inf	-0.482354323807278	1.24870942680855	0.0190896083454308	-0.99999907270982	0.151251394662063	0.958930612326017	0.00168669460391591
SK-BR-3	GW843682	0.108832491049876	-0.231152205019456	0.922060418916097	0.123732385627017	-0.155162921145173	2.10640991436991	0.965739090406126	0.00117380992619964
SK-BR-3	Gefitinib	0.849452869769026	0.0359327734649764	0.486756318342523	3.26848072092113	-0.467919378696862	0.49020151367467	0.966536054261265	0.00111983566440499
SK-BR-3	Geldanamycin	-Inf	-0.450443402342667	1.11898024604975	0	-0.135994759508521	0.01	2.22044604925031e-16	0.100655623497416
SK-BR-3	HG-5-113-01	0.374048038942596	-0.162765059538976	0.662205558045093	0.501002459655009	-0.215899433018624	1.22826391237456	0.992384776820167	5.79916240787126e-05
SK-BR-3	HG-5-88-01	Inf	0.127715537519304	0.389484208853617	0	0.564407469340819	0.01	0	0.419385408410747
SK-BR-3	HG-6-64-01	1.93759052814196	-0.455195390342076	0.368058767293771	4.84405512876976	-0.999999997192772	1.19895655655865	0.971416326165234	0.00081702640989223
SK-BR-3	Imatinib	Inf	0.994125601494972	-0.0674833975389185	0	0.999999996287937	0.01	-2.790311453451	0.99801945738288
SK-BR-3	JNK-9L	0.352064959613506	-0.209752727973477	0.669928660658865	1.14773793976923	-0.578076188026456	0.65016852697791	0.914136406370729	0.00737255671093262
SK-BR-3	JW-7-24-1	0.519852889951697	-0.235638346519762	0.559385007296365	6.71246094600953	-0.999999998642196	0.4294515679981	0.863089871070345	0.0187443834035346
SK-BR-3	KIN001-043	4.14226305579324	0.220782397202296	0.266207258560776	27.2222107159365	-0.999999936990184	0.583501982722198	0.898397218203495	0.0103231252687883
SK-BR-3	LDN-193189	2.48209272577355	-0.525759877378298	0.326073098921399	2.86742520694844	-0.528822294064782	4.99999804854046	0.992977756504957	4.93119037037193e-05
SK-BR-3	Lapatinib	-Inf	-0.00602467471869372	0.997680030305964	0	0.0141812920270162	0.01	-8.88178419700125e-16	1
SK-BR-3	Linifanib	8.82740542563382	0.232135480245526	-0.0102390230488188	10.9963776309639	-0.999867401357796	4.99999999999998	0.919894006630455	0.00641697017372111
SK-BR-3	Linsitinib	Inf	0.542030801352848	0.275312449366349	0	0.704356578786028	0.01	1.11022302462516e-16	0.455948929316217
SK-BR-3	MK2206	0.414799483616874	-0.0648207164948587	0.577852049381375	10.6666988813702	-0.99999992375074	0.338337822639564	0.951093368967178	0.00239185855898061
SK-BR-3	Mitoxantrone	-Inf	-0.706030090356589	1.23107204537973	0	-0.2580925341432	0.01	-2.88657986402541e-15	0.0666216939971622
SK-BR-3	NU7441	4.32514699985083	0.207292727632586	0.237398262612091	19.1239571702298	-0.999999994743802	0.739061854123864	0.966208802034221	0.00114184505996251
SK-BR-3	NVP-AEW541	8.23822632307931	0.266186472546905	0.0873823999266215	10.7783379522926	-0.661742255202154	3.1369586307414	0.988330578357593	0.000136175401468264
SK-BR-3	NVP-AUY922	-Inf	-0.0178875298548256	0.996342214071683	0	0.001354173605298	0.01	-1.76303416310475e-13	1
SK-BR-3	NVP-TAE684	1.81580729566102	-0.216662185369393	0.384034882521133	3.28479854684913	-0.534378238016266	1.22634640143706	0.967067432617922	0.00108455399437513
SK-BR-3	Neratinib	-Inf	-0.233980124081491	1.16030913569588	0	-0.163759411728928	0.01	-2.22044604925031e-16	1
SK-BR-3	Nilotinib	8.69995223112495	0.197381291093957	-0.0289938017963999	10.8377425782937	-0.9999604934147	4.99999999999998	0.894445089077858	0.0111418392192234
SK-BR-3	Nintedanib	4.5743047552511	0.100901597121138	0.192657960440358	12.1605939884082	-0.999997889635639	1.12361582614833	0.980575679364295	0.000377304232158648
SK-BR-3	OSI-027	0.0767394419674688	0.00114637362605596	0.817995290354907	0.0735575895399653	0.0343257096530001	1.67948969089868	0.995127262220541	2.37435734673497e-05
SK-BR-3	PD0325901	2.9686021452431	0.199690899140357	0.285922577484706	4.48747166974317	-0.212280419363201	0.856401441815177	0.988548608809711	0.000131134360192409
SK-BR-3	PD173074	8.70235079424304	0.197848446518426	-0.0159664420519086	10.8407583588826	-0.999979748195069	4.99999999999998	0.909961755715965	0.00810688543374793
SK-BR-3	PD184352	13.3812679210114	0.610731312708459	0.0134725937783187	8.36121384415774	0.400612087877743	3.43555565008	0.932544215520943	0.00455028285954218
SK-BR-3	PF431396	0.21855148044981	-0.164223914847437	0.71969855189008	0.25023519050109	-0.106187845502997	1.42253157351083	0.978925096750429	0.000444151546978744
SK-BR-3	PF477736	-Inf	-0.209154124995662	1.15077347841001	0.002215268701839	-0.210364109894294	0.597532929465819	0.992834236325524	5.1348169038401e-05
SK-BR-3	PF562271	0.618660584569955	-0.284239732750175	0.561667009797418	0.823429511263618	-0.270294210967187	1.5114811439454	0.99252091756767	5.59366740295886e-05
SK-BR-3	PHA-665752	6.16998953033283	0.102874219614303	0.0616432065719126	6.1024631328966	0.0267373665085917	4.99403144114272	0.985700888059865	0.000204464602276522
SK-BR-3	PHA-793887	-Inf	-0.32866108517728	1.02255943943725	0.405648426112164	-0.999999458681115	0.15344852458072	0.885070659845983	0.0132087532282352
SK-BR-3	PI103	0.162435767514936	-0.155382252587717	0.789957153525482	0.199667415205835	-0.147526366889624	1.25285118829604	0.997909355203731	4.37079566417697e-06
SK-BR-3	PIK-93	3.9645303222718	-0.0105814580957818	0.171415861077205	5.24909827566349	-0.327733218907759	1.79600512160258	0.982523401516193	0.00030543149456419
SK-BR-3	PLX-4720	3.83007277590304	0.253774110821305	0.13108313491634	3.33302423198778	0.250467420781402	4.99999956167355	0.991048811197624	8.01237809756605e-05
SK-BR-3	Palbociclib	Inf	0.511012307226743	0.382536015852299	0.0544778222707098	0.528621443649266	0.809635084001866	0.966562512314953	0.00111806558268768
SK-BR-3	Pelitinib	0.0643626967150531	-0.239099111298396	0.95222861803919	0.0824684812880435	-0.179166222039655	1.235498586669	0.950060857553474	0.00249391794829446
SK-BR-3	QL-X-138	0.0440885056727126	-0.25631089186629	0.807469373944267	2.68464008786745	-0.99999999989738	0.267360620963763	0.948790389251449	0.00262242423301806
SK-BR-3	QL-XII-47	0.0509319733056936	-0.287713211166438	0.960891015175603	0.142580425053441	-0.423301372131596	0.595821309335049	0.991803669292158	6.71798370722732e-05
SK-BR-3	R406	10.8166163575483	0.631599621464332	0.00168427146105302	13.457078576644	-0.990276363504283	4.99999999999998	0.840139884598593	0.0255552564866929
SK-BR-3	Radicicol	0.0169867835667372	-0.160574521076438	0.974622401155917	0.0212039466107555	-0.097882939507007	0.806248007431745	0.919363213739826	0.00650229129836899
SK-BR-3	Rapamycin	0.0111327831559262	0.351976803772581	0.591366368787675	0.00155034451631519	0.0941650216665566	0.105843399358773	0.989210408139435	0.000116415292517491
SK-BR-3	Ruxolitinib	Inf	0.827848244671541	0.0836828234185758	0	0.907029104004321	0.01	-3.7461145296902e-12	0.90563620085931
SK-BR-3	SB590885	7.21218240562452	-0.265333153054627	0.00141433027687919	8.98439314861556	-0.999961920467455	4.99999999829766	0.938291204096151	0.00380797549190282
SK-BR-3	SU11274	6.63470429193779	0.00534471011800974	0.0653627336854759	8.29833689262957	-0.536291141024422	3.2573164470256	0.96130334194242	0.00149743134482527
SK-BR-3	Saracatinib	6.12775495653505	0.19648746984192	0.110405707126637	12.9795758753372	-0.970910647864429	1.43765359138186	0.94849065012129	0.0026532131248127
SK-BR-3	Selumetinib	Inf	0.970460067413052	-0.0336848999800772	0	0.999998775490527	0.01	-0.538754746978639	0.927469918111938
SK-BR-3	Sigma A6730	Inf	0.296032485990168	0.358732319616996	0	0.615240577591943	0.01	-1.77635683940025e-15	0.0761568720631655
SK-BR-3	Sorafenib	8.73892912648564	0.208720335989441	0.083619356522844	10.8849336294005	-0.999021441161265	4.99999999999998	0.973954939499526	0.000678345176473361
SK-BR-3	TG 101348	3.03336980903082	-0.211684078565643	0.276782635771348	7.36563779048339	-0.999999999468121	1.2383592834491	0.988236969631403	0.000138368883452533
SK-BR-3	TGX221	Inf	0.888108044266232	0.116460906643395	0	0.867077303018047	0.01	0	1
SK-BR-3	TWS119	3.30923354922085	-0.228722878492011	0.199869079158355	3.57522726274683	-0.235954835114003	4.99999954356369	0.99038580001877	9.24328412790221e-05
SK-BR-3	Torin1	-Inf	-0.235483526230775	1.10445053531828	0.0106804760395281	-0.843658709640682	0.100000041616704	0.994243209273742	3.31406394659117e-05
SK-BR-3	Torin2	-Inf	-0.310522007495066	1.19013120486581	0	-0.196731227829815	0.01	-4.44089209850063e-16	0.128250329353157
SK-BR-3	Tozasertib	-Inf	-0.101542771440693	1.10457299094366	0	-0.10405801878629	0.01	1.11022302462516e-16	1
SK-BR-3	Trametinib	Inf	0.629312899495866	0.401288775129962	0	0.594509931327121	0.01	-1.77635683940025e-15	1
SK-BR-3	Vemurafenib	Inf	0.80406709170948	0.0135331705350869	4.08657347892655	0.80173758362766	4.95050100961931	0.910692282589377	0.00797586838909414
SK-BR-3	WH-4-025	4.85948348106262	-0.19491925251007	0.220068039931389	8.3105624917486	-0.999999550926572	2.04737594946428	0.949408445534542	0.00255950538323146
SK-BR-3	WYE-125132	-Inf	-0.0763837634367778	1.02464304731468	0	-0.0216893574841587	0.01	-2.22266649529956e-13	0.0770386513155012
SK-BR-3	WZ-4-145	0.036629517852122	-0.314401482042817	0.786926833644629	3.15173299407647	-0.99999999944309	0.246610204323061	0.791878148446923	0.0433147050938811
SK-BR-3	WZ3105	-Inf	-0.285414959422911	1.29409108288563	0	-0.292368258582334	0.01	-5.06017450163654e-12	1
SK-BR-3	Withaferin A	0.252197956272104	-0.297962750639658	0.787664012041127	0.3009950909134	-0.260008790784851	2.36727026559352	0.991425674765984	7.35190532186181e-05
SK-BR-3	XL147	Inf	0.655320337332468	-0.0918858326576421	0	0.999999995107407	0.01	-0.106071243165593	0.21214487963302
SK-BR-3	XMD11-50	0.748953061458264	0.053341392726248	0.496162475089936	22.0614499653689	-0.999999999803885	0.324753558143992	0.930233741324042	0.00486733084964064
SK-BR-3	XMD11-85h	Inf	0.51737300350041	0.27198982428512	0	0.699608009375689	0.01	0	0.970081681519366
SK-BR-3	XMD16-144	-Inf	-0.2527072300802	1.0110701280279	0	-0.00490808829234057	0.01	-1.77635683940025e-15	0.0760001134760491
SK-BR-3	Y39983	2.22565358089053	-0.13334874060835	0.361318719188415	9.15419709863015	-0.999999999868787	0.776864602423495	0.911636409220374	0.00780812417546928
SK-BR-3	YM 201636	6.02138528335069	0.170854194782309	0.123743258927185	12.6860277957609	-0.999966864991072	1.47425386637328	0.96610330934003	0.00114898563769283
SK-BR-3	ZSTK474	0.107067890321731	-0.0435581910238437	0.807716589892617	0.115185345426304	-0.0477331218586705	1.24768479092356	0.99983167613601	2.83329232297902e-08
